NodeName,Lat,Long,Bin,Radio_CQI_Distribution,Number_of_Users
1,133.7201,-84.1524,0,605.222229,248.1736145
2,133.7201,-84.1524,1,906.2222087,248.1736145
3,133.7201,-84.1524,2,7557.555501,248.1736145
4,133.7201,-84.1524,3,43046.55599,248.1736145
5,133.7201,-84.1524,4,134478.776,248.1736145
6,133.7201,-84.1524,5,258118.4479,248.1736145
7,133.7201,-84.1524,6,334375,248.1736145
8,133.7201,-84.1524,7,334032.2188,248.1736145
9,133.7201,-84.1524,8,352427.2135,248.1736145
10,133.7201,-84.1524,9,298520.224,248.1736145
11,133.7201,-84.1524,10,190607.0013,248.1736145
12,133.7201,-84.1524,11,163771.776,248.1736145
13,133.7201,-84.1524,12,106628.332,248.1736145
14,133.7201,-84.1524,13,56045.33268,248.1736145
15,133.7201,-84.1524,14,27092.66634,248.1736145
16,133.7201,-84.1524,15,24679.111,248.1736145
17,133.7028,-84.1071,0,1229.666641,306.6800976
18,133.7028,-84.1071,1,531.9444377,306.6800976
19,133.7028,-84.1071,2,2856.722198,306.6800976
20,133.7028,-84.1071,3,8728.499919,306.6800976
21,133.7028,-84.1071,4,28423.94432,306.6800976
22,133.7028,-84.1071,5,65212.38924,306.6800976
23,133.7028,-84.1071,6,95504.38818,306.6800976
24,133.7028,-84.1071,7,99605.50016,306.6800976
25,133.7028,-84.1071,8,107259.1113,306.6800976
26,133.7028,-84.1071,9,124159.0573,306.6800976
27,133.7028,-84.1071,10,112451.998,306.6800976
28,133.7028,-84.1071,11,133469.224,306.6800976
29,133.7028,-84.1071,12,129837.1084,306.6800976
30,133.7028,-84.1071,13,102729.8874,306.6800976
31,133.7028,-84.1071,14,69323.05599,306.6800976
32,133.7028,-84.1071,15,111669.557,306.6800976
33,133.7007,-84.1807,0,911.3888855,322.6578712
34,133.7007,-84.1807,1,835.0000153,322.6578712
35,133.7007,-84.1807,2,4599.444478,322.6578712
36,133.7007,-84.1807,3,17119.38932,322.6578712
37,133.7007,-84.1807,4,44982.61153,322.6578712
38,133.7007,-84.1807,5,91573.611,322.6578712
39,133.7007,-84.1807,6,121711.2217,322.6578712
40,133.7007,-84.1807,7,138382.5573,322.6578712
41,133.7007,-84.1807,8,158111.168,322.6578712
42,133.7007,-84.1807,9,156474.832,322.6578712
43,133.7007,-84.1807,10,121897.722,322.6578712
44,133.7007,-84.1807,11,132430.554,322.6578712
45,133.7007,-84.1807,12,107729.4443,322.6578712
46,133.7007,-84.1807,13,74069.77783,322.6578712
47,133.7007,-84.1807,14,48272.11161,322.6578712
48,133.7007,-84.1807,15,68466.05481,322.6578712
49,133.9635,-83.9755,0,1066.111125,275.7138901
50,133.9635,-83.9755,1,632.0555573,275.7138901
51,133.9635,-83.9755,2,3404.222229,275.7138901
52,133.9635,-83.9755,3,10640.61115,275.7138901
53,133.9635,-83.9755,4,30144.33407,275.7138901
54,133.9635,-83.9755,5,68646.94336,275.7138901
55,133.9635,-83.9755,6,99417.66536,275.7138901
56,133.9635,-83.9755,7,117864.6094,275.7138901
57,133.9635,-83.9755,8,139517.1081,275.7138901
58,133.9635,-83.9755,9,137800.4466,275.7138901
59,133.9635,-83.9755,10,114350.39,275.7138901
60,133.9635,-83.9755,11,104115.2227,275.7138901
61,133.9635,-83.9755,12,75638.77637,275.7138901
62,133.9635,-83.9755,13,47514.05534,275.7138901
63,133.9635,-83.9755,14,27499.4445,275.7138901
64,133.9635,-83.9755,15,31846.88818,275.7138901
65,133.48361,-84.215,0,2486.777776,352.2254543
66,133.48361,-84.215,1,1085.333313,352.2254543
67,133.48361,-84.215,2,6080.166697,352.2254543
68,133.48361,-84.215,3,15328.61131,352.2254543
69,133.48361,-84.215,4,40885.38953,352.2254543
70,133.48361,-84.215,5,89309.72217,352.2254543
71,133.48361,-84.215,6,133180.5573,352.2254543
72,133.48361,-84.215,7,164761.1686,352.2254543
73,133.48361,-84.215,8,197508.4414,352.2254543
74,133.48361,-84.215,9,195972.5039,352.2254543
75,133.48361,-84.215,10,148982.6113,352.2254543
76,133.48361,-84.215,11,140053.724,352.2254543
77,133.48361,-84.215,12,96039.38835,352.2254543
78,133.48361,-84.215,13,54539.66764,352.2254543
79,133.48361,-84.215,14,30267.94425,352.2254543
80,133.48361,-84.215,15,26159.38835,352.2254543
81,134.044858,-84.474643,0,1545.444438,295.606945
82,134.044858,-84.474643,1,826.9999975,295.606945
83,134.044858,-84.474643,2,4557.555644,295.606945
84,134.044858,-84.474643,3,15348.05549,295.606945
85,134.044858,-84.474643,4,34912.72282,295.606945
86,134.044858,-84.474643,5,74473.16536,295.606945
87,134.044858,-84.474643,6,109406.2793,295.606945
88,134.044858,-84.474643,7,126720.3906,295.606945
89,134.044858,-84.474643,8,151658.2207,295.606945
90,134.044858,-84.474643,9,150216.6683,295.606945
91,134.044858,-84.474643,10,114279.277,295.606945
92,134.044858,-84.474643,11,106342.0579,295.606945
93,134.044858,-84.474643,12,82231.61239,295.606945
94,134.044858,-84.474643,13,52699.22095,295.606945
95,134.044858,-84.474643,14,31772.66561,295.606945
96,134.044858,-84.474643,15,36369.00087,295.606945
97,134.1087,-84.565722,0,1072.388875,432.9032459
98,134.1087,-84.565722,1,609.6666692,432.9032459
99,134.1087,-84.565722,2,3715.611115,432.9032459
100,134.1087,-84.565722,3,14552.00026,432.9032459
101,134.1087,-84.565722,4,51731.44393,432.9032459
102,134.1087,-84.565722,5,134993.6654,432.9032459
103,134.1087,-84.565722,6,214588.4447,432.9032459
104,134.1087,-84.565722,7,240120.2826,432.9032459
105,134.1087,-84.565722,8,264373.1081,432.9032459
106,134.1087,-84.565722,9,244094.4414,432.9032459
107,134.1087,-84.565722,10,175759.166,432.9032459
108,134.1087,-84.565722,11,146254.7243,432.9032459
109,134.1087,-84.565722,12,99830.38981,432.9032459
110,134.1087,-84.565722,13,57350.77767,432.9032459
111,134.1087,-84.565722,14,30551.16689,432.9032459
112,134.1087,-84.565722,15,29853.27729,432.9032459
113,134.0666453,-84.4548662,0,2070.083328,294.5546341
114,134.0666453,-84.4548662,1,1297.833344,294.5546341
115,134.0666453,-84.4548662,2,6380.499817,294.5546341
116,134.0666453,-84.4548662,3,18608.24969,294.5546341
117,134.0666453,-84.4548662,4,50732.49927,294.5546341
118,134.0666453,-84.4548662,5,104563.3325,294.5546341
119,134.0666453,-84.4548662,6,159810.8359,294.5546341
120,134.0666453,-84.4548662,7,194714.3359,294.5546341
121,134.0666453,-84.4548662,8,221271.75,294.5546341
122,134.0666453,-84.4548662,9,214860.5801,294.5546341
123,134.0666453,-84.4548662,10,170857.2461,294.5546341
124,134.0666453,-84.4548662,11,158267.502,294.5546341
125,134.0666453,-84.4548662,12,125549.085,294.5546341
126,134.0666453,-84.4548662,13,79462.33301,294.5546341
127,134.0666453,-84.4548662,14,44198.00049,294.5546341
128,134.0666453,-84.4548662,15,54929.16724,294.5546341
129,133.98236,-84.565758,0,3143.00002,375.4087944
130,133.98236,-84.565758,1,2492.166738,375.4087944
131,133.98236,-84.565758,2,11537.94458,375.4087944
132,133.98236,-84.565758,3,22352.72221,375.4087944
133,133.98236,-84.565758,4,43377.00033,375.4087944
134,133.98236,-84.565758,5,71881.94466,375.4087944
135,133.98236,-84.565758,6,106715.9453,375.4087944
136,133.98236,-84.565758,7,130644.1647,375.4087944
137,133.98236,-84.565758,8,157154.6641,375.4087944
138,133.98236,-84.565758,9,168260.5573,375.4087944
139,133.98236,-84.565758,10,134574.6087,375.4087944
140,133.98236,-84.565758,11,139783.056,375.4087944
141,133.98236,-84.565758,12,119560.4984,375.4087944
142,133.98236,-84.565758,13,87392.94694,375.4087944
143,133.98236,-84.565758,14,59648.38949,375.4087944
144,133.98236,-84.565758,15,85336.33374,375.4087944
145,134.010502,-84.565918,0,1858.444489,412.9364076
146,134.010502,-84.565918,1,1477.277799,412.9364076
147,134.010502,-84.565918,2,9114.055359,412.9364076
148,134.010502,-84.565918,3,28854.55465,412.9364076
149,134.010502,-84.565918,4,71147.16496,412.9364076
150,134.010502,-84.565918,5,124140.001,412.9364076
151,134.010502,-84.565918,6,153863.9422,412.9364076
152,134.010502,-84.565918,7,154393.1702,412.9364076
153,134.010502,-84.565918,8,175772.833,412.9364076
154,134.010502,-84.565918,9,185107.5029,412.9364076
155,134.010502,-84.565918,10,153368.0029,412.9364076
156,134.010502,-84.565918,11,152086.6683,412.9364076
157,134.010502,-84.565918,12,123384.6087,412.9364076
158,134.010502,-84.565918,13,85447.10929,412.9364076
159,134.010502,-84.565918,14,55098.66602,412.9364076
160,134.010502,-84.565918,15,76112.83289,412.9364076
161,134.022356,-84.572705,0,7484.555583,440.9472237
162,134.022356,-84.572705,1,4994.666626,440.9472237
163,134.022356,-84.572705,2,28236.11157,440.9472237
164,134.022356,-84.572705,3,71228.33317,440.9472237
165,134.022356,-84.572705,4,154146.1657,440.9472237
166,134.022356,-84.572705,5,229873.5586,440.9472237
167,134.022356,-84.572705,6,251639.7201,440.9472237
168,134.022356,-84.572705,7,233622.0547,440.9472237
169,134.022356,-84.572705,8,225189.6712,440.9472237
170,134.022356,-84.572705,9,181754.6136,440.9472237
171,134.022356,-84.572705,10,114864.5568,440.9472237
172,134.022356,-84.572705,11,97800.00065,440.9472237
173,134.022356,-84.572705,12,66983.66777,440.9472237
174,134.022356,-84.572705,13,38055.44346,440.9472237
175,134.022356,-84.572705,14,21231.3329,440.9472237
176,134.022356,-84.572705,15,21668.83315,440.9472237
177,133.767255,-84.522202,0,1190.333328,226.4837971
178,133.767255,-84.522202,1,2733.722265,226.4837971
179,133.767255,-84.522202,2,10869.83332,226.4837971
180,133.767255,-84.522202,3,19107.00022,226.4837971
181,133.767255,-84.522202,4,36842.77748,226.4837971
182,133.767255,-84.522202,5,70673.49967,226.4837971
183,133.767255,-84.522202,6,95250.61019,226.4837971
184,133.767255,-84.522202,7,100019.0566,226.4837971
185,133.767255,-84.522202,8,106440.39,226.4837971
186,133.767255,-84.522202,9,103651.0007,226.4837971
187,133.767255,-84.522202,10,77850.44434,226.4837971
188,133.767255,-84.522202,11,77278.22168,226.4837971
189,133.767255,-84.522202,12,61501.27686,226.4837971
190,133.767255,-84.522202,13,42796.44474,226.4837971
191,133.767255,-84.522202,14,26368.05518,226.4837971
192,133.767255,-84.522202,15,38953.77852,226.4837971
193,133.8789,-84.7475,0,1267.777781,381.2796388
194,133.8789,-84.7475,1,971.6666641,381.2796388
195,133.8789,-84.7475,2,5170.833361,381.2796388
196,133.8789,-84.7475,3,15010.3888,381.2796388
197,133.8789,-84.7475,4,39170.33303,381.2796388
198,133.8789,-84.7475,5,77406.44238,381.2796388
199,133.8789,-84.7475,6,101802.0548,381.2796388
200,133.8789,-84.7475,7,108370.1111,381.2796388
201,133.8789,-84.7475,8,135422.1131,381.2796388
202,133.8789,-84.7475,9,149118.1089,381.2796388
203,133.8789,-84.7475,10,132930.6136,381.2796388
204,133.8789,-84.7475,11,150684.6637,381.2796388
205,133.8789,-84.7475,12,160596.837,381.2796388
206,133.8789,-84.7475,13,149633.3322,381.2796388
207,133.8789,-84.7475,14,109064.3876,381.2796388
208,133.8789,-84.7475,15,173644.3925,381.2796388
209,133.7275,-84.7408,0,1498.166636,502.8384285
210,133.7275,-84.7408,1,723.0000051,502.8384285
211,133.7275,-84.7408,2,4137.555511,502.8384285
212,133.7275,-84.7408,3,13795.3889,502.8384285
213,133.7275,-84.7408,4,48073.11182,502.8384285
214,133.7275,-84.7408,5,124095.7243,502.8384285
215,133.7275,-84.7408,6,198951.89,502.8384285
216,133.7275,-84.7408,7,233695.7188,502.8384285
217,133.7275,-84.7408,8,275416.3932,502.8384285
218,133.7275,-84.7408,9,273352.1641,502.8384285
219,133.7275,-84.7408,10,201341.3333,502.8384285
220,133.7275,-84.7408,11,187699.6654,502.8384285
221,133.7275,-84.7408,12,137847.1113,502.8384285
222,133.7275,-84.7408,13,78275.55534,502.8384285
223,133.7275,-84.7408,14,42378.88916,502.8384285
224,133.7275,-84.7408,15,43888.16659,502.8384285
225,134.0838,-84.5488,0,1721,330.4495335
226,134.0838,-84.5488,1,1095.888896,330.4495335
227,134.0838,-84.5488,2,5704.111104,330.4495335
228,134.0838,-84.5488,3,16409.61076,330.4495335
229,134.0838,-84.5488,4,45804.66699,330.4495335
230,134.0838,-84.5488,5,94777.05599,330.4495335
231,134.0838,-84.5488,6,132656.6094,330.4495335
232,134.0838,-84.5488,7,135784.6126,330.4495335
233,134.0838,-84.5488,8,153142.5553,330.4495335
234,134.0838,-84.5488,9,150379.6152,330.4495335
235,134.0838,-84.5488,10,111399.8314,330.4495335
236,134.0838,-84.5488,11,110839.3877,330.4495335
237,134.0838,-84.5488,12,90277.55501,330.4495335
238,134.0838,-84.5488,13,59893.49984,330.4495335
239,134.0838,-84.5488,14,36549.72209,330.4495335
240,134.0838,-84.5488,15,44559.22217,330.4495335
241,134.0651,-84.6274,0,1384.555562,370.830555
242,134.0651,-84.6274,1,660.8333333,370.830555
243,134.0651,-84.6274,2,3578.944509,370.830555
244,134.0651,-84.6274,3,15351.77758,370.830555
245,134.0651,-84.6274,4,40680.77795,370.830555
246,134.0651,-84.6274,5,92689.88997,370.830555
247,134.0651,-84.6274,6,136385.2233,370.830555
248,134.0651,-84.6274,7,161856.1113,370.830555
249,134.0651,-84.6274,8,197225.3333,370.830555
250,134.0651,-84.6274,9,206586.6094,370.830555
251,134.0651,-84.6274,10,158049.4974,370.830555
252,134.0651,-84.6274,11,151287.8906,370.830555
253,134.0651,-84.6274,12,111970.7214,370.830555
254,134.0651,-84.6274,13,70592.11198,370.830555
255,134.0651,-84.6274,14,43228.22135,370.830555
256,134.0651,-84.6274,15,46256.16699,370.830555
257,134.05106,-84.591809,0,2709.222178,396.9916668
258,134.05106,-84.591809,1,2181.666672,396.9916668
259,134.05106,-84.591809,2,12478.6109,396.9916668
260,134.05106,-84.591809,3,32054.83297,396.9916668
261,134.05106,-84.591809,4,71377.88916,396.9916668
262,134.05106,-84.591809,5,109538.501,396.9916668
263,134.05106,-84.591809,6,137638.2754,396.9916668
264,134.05106,-84.591809,7,158448.2233,396.9916668
265,134.05106,-84.591809,8,193154.7253,396.9916668
266,134.05106,-84.591809,9,204835.1673,396.9916668
267,134.05106,-84.591809,10,161523.2741,396.9916668
268,134.05106,-84.591809,11,159534.998,396.9916668
269,134.05106,-84.591809,12,133544.0557,396.9916668
270,134.05106,-84.591809,13,96445.22005,396.9916668
271,134.05106,-84.591809,14,59869.83447,396.9916668
272,134.05106,-84.591809,15,77490.05371,396.9916668
273,134.2389,-84.4689,0,1186.555537,356.7856426
274,134.2389,-84.4689,1,818.9444275,356.7856426
275,134.2389,-84.4689,2,3188.722229,356.7856426
276,134.2389,-84.4689,3,11028.88909,356.7856426
277,134.2389,-84.4689,4,30208.33295,356.7856426
278,134.2389,-84.4689,5,64574.94621,356.7856426
279,134.2389,-84.4689,6,75690.61182,356.7856426
280,134.2389,-84.4689,7,89976.72168,356.7856426
281,134.2389,-84.4689,8,121125.9434,356.7856426
282,134.2389,-84.4689,9,156748.9961,356.7856426
283,134.2389,-84.4689,10,136758.7751,356.7856426
284,134.2389,-84.4689,11,149402.3923,356.7856426
285,134.2389,-84.4689,12,134470.001,356.7856426
286,134.2389,-84.4689,13,101668.6665,356.7856426
287,134.2389,-84.4689,14,67799.38826,356.7856426
288,134.2389,-84.4689,15,90976.72314,356.7856426
289,133.91611,-84.48222,0,1276.944438,301.2240791
290,133.91611,-84.48222,1,467.8888868,301.2240791
291,133.91611,-84.48222,2,2747.944356,301.2240791
292,133.91611,-84.48222,3,6182.666768,301.2240791
293,133.91611,-84.48222,4,17344.111,301.2240791
294,133.91611,-84.48222,5,44194.5555,301.2240791
295,133.91611,-84.48222,6,83340.11133,301.2240791
296,133.91611,-84.48222,7,108761.8887,301.2240791
297,133.91611,-84.48222,8,143907.332,301.2240791
298,133.91611,-84.48222,9,165902.612,301.2240791
299,133.91611,-84.48222,10,144491.724,301.2240791
300,133.91611,-84.48222,11,155253.9987,301.2240791
301,133.91611,-84.48222,12,132091.666,301.2240791
302,133.91611,-84.48222,13,96388.49967,301.2240791
303,133.91611,-84.48222,14,62301.61068,301.2240791
304,133.91611,-84.48222,15,91220.38981,301.2240791
305,133.7726,-84.6177,0,854.9444275,261.6472244
306,133.7726,-84.6177,1,379.7222239,261.6472244
307,133.7726,-84.6177,2,2381.833293,261.6472244
308,133.7726,-84.6177,3,8244.000061,261.6472244
309,133.7726,-84.6177,4,26629.77773,261.6472244
310,133.7726,-84.6177,5,67414.72249,261.6472244
311,133.7726,-84.6177,6,107983.724,261.6472244
312,133.7726,-84.6177,7,122506.5531,261.6472244
313,133.7726,-84.6177,8,145201.3906,261.6472244
314,133.7726,-84.6177,9,164588.6693,261.6472244
315,133.7726,-84.6177,10,124533.668,261.6472244
316,133.7726,-84.6177,11,124701.3314,261.6472244
317,133.7726,-84.6177,12,88703.94401,261.6472244
318,133.7726,-84.6177,13,59860.88851,261.6472244
319,133.7726,-84.6177,14,40821.66634,261.6472244
320,133.7726,-84.6177,15,43783.83333,261.6472244
321,134.0368,-84.6833,0,1175.00001,357.6249924
322,134.0368,-84.6833,1,548.1666667,357.6249924
323,134.0368,-84.6833,2,3089.666738,357.6249924
324,134.0368,-84.6833,3,11808.49981,357.6249924
325,134.0368,-84.6833,4,32196.44454,357.6249924
326,134.0368,-84.6833,5,63537.72331,357.6249924
327,134.0368,-84.6833,6,94800.38997,357.6249924
328,134.0368,-84.6833,7,113252.334,357.6249924
329,134.0368,-84.6833,8,152743.9453,357.6249924
330,134.0368,-84.6833,9,176903.1706,357.6249924
331,134.0368,-84.6833,10,154688.6654,357.6249924
332,134.0368,-84.6833,11,161076.1654,357.6249924
333,134.0368,-84.6833,12,136907.0553,357.6249924
334,134.0368,-84.6833,13,103864.6663,357.6249924
335,134.0368,-84.6833,14,72374.61051,357.6249924
336,134.0368,-84.6833,15,105241.5568,357.6249924
337,134.170274,-84.548,0,705.8888753,253.432869
338,134.170274,-84.548,1,356.2222176,253.432869
339,134.170274,-84.548,2,2452.388898,253.432869
340,134.170274,-84.548,3,12141.99969,253.432869
341,134.170274,-84.548,4,42783.44495,253.432869
342,134.170274,-84.548,5,93272.11117,253.432869
343,134.170274,-84.548,6,132129.6673,253.432869
344,134.170274,-84.548,7,138537.778,253.432869
345,134.170274,-84.548,8,146562,253.432869
346,134.170274,-84.548,9,133397.9473,253.432869
347,134.170274,-84.548,10,94513.49935,253.432869
348,134.170274,-84.548,11,82628.7207,253.432869
349,134.170274,-84.548,12,54855.33341,253.432869
350,134.170274,-84.548,13,30744.66614,253.432869
351,134.170274,-84.548,14,16217.66665,253.432869
352,134.170274,-84.548,15,14891.05538,253.432869
353,133.776389,-84.383887,0,3540.22227,356.7805595
354,133.776389,-84.383887,1,3354.333272,356.7805595
355,133.776389,-84.383887,2,15757.77783,356.7805595
356,133.776389,-84.383887,3,40129.94499,356.7805595
357,133.776389,-84.383887,4,90086.44466,356.7805595
358,133.776389,-84.383887,5,147458.224,356.7805595
359,133.776389,-84.383887,6,167578.6133,356.7805595
360,133.776389,-84.383887,7,169930.2786,356.7805595
361,133.776389,-84.383887,8,173984.7214,356.7805595
362,133.776389,-84.383887,9,154061.5534,356.7805595
363,133.776389,-84.383887,10,120823.3337,356.7805595
364,133.776389,-84.383887,11,110833.0015,356.7805595
365,133.776389,-84.383887,12,72143.66618,356.7805595
366,133.776389,-84.383887,13,40008.5555,356.7805595
367,133.776389,-84.383887,14,21892.38851,356.7805595
368,133.776389,-84.383887,15,22017.94425,356.7805595
369,133.852585,-84.362243,0,2043.166646,427.5976868
370,133.852585,-84.362243,1,971.1666667,427.5976868
371,133.852585,-84.362243,2,5676.888916,427.5976868
372,133.852585,-84.362243,3,17657.00016,427.5976868
373,133.852585,-84.362243,4,50945.99967,427.5976868
374,133.852585,-84.362243,5,102635.9453,427.5976868
375,133.852585,-84.362243,6,156454.2201,427.5976868
376,133.852585,-84.362243,7,180641.3294,427.5976868
377,133.852585,-84.362243,8,209385.612,427.5976868
378,133.852585,-84.362243,9,202059,427.5976868
379,133.852585,-84.362243,10,159903.0547,427.5976868
380,133.852585,-84.362243,11,158040.3333,427.5976868
381,133.852585,-84.362243,12,117218.9466,427.5976868
382,133.852585,-84.362243,13,72559.27702,427.5976868
383,133.852585,-84.362243,14,43745.11149,427.5976868
384,133.852585,-84.362243,15,52938.55729,427.5976868
385,133.844024,-84.307696,0,984.8888804,329.7097259
386,133.844024,-84.307696,1,222.6666705,329.7097259
387,133.844024,-84.307696,2,1597.444438,329.7097259
388,133.844024,-84.307696,3,4652.77773,329.7097259
389,133.844024,-84.307696,4,8489.499837,329.7097259
390,133.844024,-84.307696,5,25665.77767,329.7097259
391,133.844024,-84.307696,6,47751.94401,329.7097259
392,133.844024,-84.307696,7,69734.55599,329.7097259
393,133.844024,-84.307696,8,106108.1644,329.7097259
394,133.844024,-84.307696,9,144145.9993,329.7097259
395,133.844024,-84.307696,10,136855.7762,329.7097259
396,133.844024,-84.307696,11,154397.8309,329.7097259
397,133.844024,-84.307696,12,142926.7756,329.7097259
398,133.844024,-84.307696,13,109542.0539,329.7097259
399,133.844024,-84.307696,14,74719.72286,329.7097259
400,133.844024,-84.307696,15,111743.3885,329.7097259
401,133.843013,-84.323772,0,1651.333333,237.3810177
402,133.843013,-84.323772,1,1119.66669,237.3810177
403,133.843013,-84.323772,2,4010.777842,237.3810177
404,133.843013,-84.323772,3,7833.444458,237.3810177
405,133.843013,-84.323772,4,19171.111,237.3810177
406,133.843013,-84.323772,5,52459.55534,237.3810177
407,133.843013,-84.323772,6,99138.16732,237.3810177
408,133.843013,-84.323772,7,122253.2767,237.3810177
409,133.843013,-84.323772,8,148482.0013,237.3810177
410,133.843013,-84.323772,9,144561.1641,237.3810177
411,133.843013,-84.323772,10,111994.0553,237.3810177
412,133.843013,-84.323772,11,101385.8346,237.3810177
413,133.843013,-84.323772,12,70635.38965,237.3810177
414,133.843013,-84.323772,13,43463.22119,237.3810177
415,133.843013,-84.323772,14,25919.50004,237.3810177
416,133.843013,-84.323772,15,30005.16608,237.3810177
417,133.849032,-84.246308,0,4686.166707,474.0874939
418,133.849032,-84.246308,1,595.6111094,474.0874939
419,133.849032,-84.246308,2,4643.666728,474.0874939
420,133.849032,-84.246308,3,7391.333435,474.0874939
421,133.849032,-84.246308,4,22841.44482,474.0874939
422,133.849032,-84.246308,5,55389.72201,474.0874939
423,133.849032,-84.246308,6,90957.61198,474.0874939
424,133.849032,-84.246308,7,116321.334,474.0874939
425,133.849032,-84.246308,8,153987.9987,474.0874939
426,133.849032,-84.246308,9,179690.1654,474.0874939
427,133.849032,-84.246308,10,164057.168,474.0874939
428,133.849032,-84.246308,11,199717.1654,474.0874939
429,133.849032,-84.246308,12,206495.0566,474.0874939
430,133.849032,-84.246308,13,168342.2233,474.0874939
431,133.849032,-84.246308,14,111000.4478,474.0874939
432,133.849032,-84.246308,15,171795.0039,474.0874939
433,133.834861,-84.339918,0,2957.111165,338.1694489
434,133.834861,-84.339918,1,2084.722223,338.1694489
435,133.834861,-84.339918,2,11496.05566,338.1694489
436,133.834861,-84.339918,3,21046.22247,338.1694489
437,133.834861,-84.339918,4,38505.33431,338.1694489
438,133.834861,-84.339918,5,68976.11182,338.1694489
439,133.834861,-84.339918,6,103763.3311,338.1694489
440,133.834861,-84.339918,7,125691.3874,338.1694489
441,133.834861,-84.339918,8,152514.112,338.1694489
442,133.834861,-84.339918,9,160086.388,338.1694489
443,133.834861,-84.339918,10,131354.6087,338.1694489
444,133.834861,-84.339918,11,134969.7246,338.1694489
445,133.834861,-84.339918,12,109796.6107,338.1694489
446,133.834861,-84.339918,13,74981.38802,338.1694489
447,133.834861,-84.339918,14,48199.83301,338.1694489
448,133.834861,-84.339918,15,61278.4445,338.1694489
449,133.867635,-84.3338,0,1620.388885,495.2217598
450,133.867635,-84.3338,1,723.277771,495.2217598
451,133.867635,-84.3338,2,5026.72228,495.2217598
452,133.867635,-84.3338,3,14722.05546,495.2217598
453,133.867635,-84.3338,4,31985.44385,495.2217598
454,133.867635,-84.3338,5,79024.77637,495.2217598
455,133.867635,-84.3338,6,139884.2793,495.2217598
456,133.867635,-84.3338,7,182577.3893,495.2217598
457,133.867635,-84.3338,8,243691.7813,495.2217598
458,133.867635,-84.3338,9,278360.8359,495.2217598
459,133.867635,-84.3338,10,221996.8372,495.2217598
460,133.867635,-84.3338,11,226463.2227,495.2217598
461,133.867635,-84.3338,12,182194.0003,495.2217598
462,133.867635,-84.3338,13,115336.6143,495.2217598
463,133.867635,-84.3338,14,61554.83162,495.2217598
464,133.867635,-84.3338,15,72771.11133,495.2217598
465,133.867354,-84.284636,0,1048.388896,283.5296288
466,133.867354,-84.284636,1,494.7222176,283.5296288
467,133.867354,-84.284636,2,2869.166702,283.5296288
468,133.867354,-84.284636,3,9121.889099,283.5296288
469,133.867354,-84.284636,4,20065.61108,283.5296288
470,133.867354,-84.284636,5,48528.38835,283.5296288
471,133.867354,-84.284636,6,89072.94434,283.5296288
472,133.867354,-84.284636,7,119824.832,283.5296288
473,133.867354,-84.284636,8,139655.2233,283.5296288
474,133.867354,-84.284636,9,166360.6686,283.5296288
475,133.867354,-84.284636,10,133470.6654,283.5296288
476,133.867354,-84.284636,11,138770.2191,283.5296288
477,133.867354,-84.284636,12,126204.6638,283.5296288
478,133.867354,-84.284636,13,100124.2785,283.5296288
479,133.867354,-84.284636,14,68107.88955,283.5296288
480,133.867354,-84.284636,15,107595.6093,283.5296288
481,133.748439,-84.382703,0,4183.888896,521.242527
482,133.748439,-84.382703,1,3261.833374,521.242527
483,133.748439,-84.382703,2,17027.0553,521.242527
484,133.748439,-84.382703,3,48149.99951,521.242527
485,133.748439,-84.382703,4,113886.9456,521.242527
486,133.748439,-84.382703,5,193760.4427,521.242527
487,133.748439,-84.382703,6,232331.7813,521.242527
488,133.748439,-84.382703,7,237484.5521,521.242527
489,133.748439,-84.382703,8,256244.4427,521.242527
490,133.748439,-84.382703,9,235079.1654,521.242527
491,133.748439,-84.382703,10,169377.8307,521.242527
492,133.748439,-84.382703,11,153936.3314,521.242527
493,133.748439,-84.382703,12,108137.8346,521.242527
494,133.748439,-84.382703,13,61672.55632,521.242527
495,133.748439,-84.382703,14,35958.77767,521.242527
496,133.748439,-84.382703,15,38678.77775,521.242527
497,133.782937,-84.388821,0,13799.5555,486.5564842
498,133.782937,-84.388821,1,6273.277791,486.5564842
499,133.782937,-84.388821,2,36533.83301,486.5564842
500,133.782937,-84.388821,3,87227.6123,486.5564842
501,133.782937,-84.388821,4,169532.1094,486.5564842
502,133.782937,-84.388821,5,264476.7188,486.5564842
503,133.782937,-84.388821,6,317696,486.5564842
504,133.782937,-84.388821,7,287718.6641,486.5564842
505,133.782937,-84.388821,8,259756.332,486.5564842
506,133.782937,-84.388821,9,192097.1146,486.5564842
507,133.782937,-84.388821,10,117071.388,486.5564842
508,133.782937,-84.388821,11,86656.88997,486.5564842
509,133.782937,-84.388821,12,44758.44434,486.5564842
510,133.782937,-84.388821,13,20549.61108,486.5564842
511,133.782937,-84.388821,14,10241.22245,486.5564842
512,133.782937,-84.388821,15,6116.722168,486.5564842
513,133.790233,-84.387131,0,7398.000163,419.6162033
514,133.790233,-84.387131,1,4842.277791,419.6162033
515,133.790233,-84.387131,2,27319.72266,419.6162033
516,133.790233,-84.387131,3,81554.05534,419.6162033
517,133.790233,-84.387131,4,172690.6133,419.6162033
518,133.790233,-84.387131,5,246234.9427,419.6162033
519,133.790233,-84.387131,6,261794.6667,419.6162033
520,133.790233,-84.387131,7,236114.224,419.6162033
521,133.790233,-84.387131,8,213346.5547,419.6162033
522,133.790233,-84.387131,9,167678.3906,419.6162033
523,133.790233,-84.387131,10,111956.3874,419.6162033
524,133.790233,-84.387131,11,92870.55469,419.6162033
525,133.790233,-84.387131,12,53492.49967,419.6162033
526,133.790233,-84.387131,13,26141.55534,419.6162033
527,133.790233,-84.387131,14,14605.9443,419.6162033
528,133.790233,-84.387131,15,9523.000102,419.6162033
529,133.764311,-84.361585,0,1584.499969,235.5879669
530,133.764311,-84.361585,1,2112.333344,235.5879669
531,133.764311,-84.361585,2,15683.83301,235.5879669
532,133.764311,-84.361585,3,63762.16699,235.5879669
533,133.764311,-84.361585,4,226893.1602,235.5879669
534,133.764311,-84.361585,5,419093.1641,235.5879669
535,133.764311,-84.361585,6,447457.3281,235.5879669
536,133.764311,-84.361585,7,400400,235.5879669
537,133.764311,-84.361585,8,380093.8359,235.5879669
538,133.764311,-84.361585,9,308914.5,235.5879669
539,133.764311,-84.361585,10,236725.1602,235.5879669
540,133.764311,-84.361585,11,206166.3398,235.5879669
541,133.764311,-84.361585,12,137287.6699,235.5879669
542,133.764311,-84.361585,13,76834.16797,235.5879669
543,133.764311,-84.361585,14,39803.16699,235.5879669
544,133.764311,-84.361585,15,34402.16748,235.5879669
545,133.658889,-84.494444,0,1709.555542,402.1624966
546,133.658889,-84.494444,1,880.9444453,402.1624966
547,133.658889,-84.494444,2,3809.166712,402.1624966
548,133.658889,-84.494444,3,13304.83351,402.1624966
549,133.658889,-84.494444,4,26118.55558,402.1624966
550,133.658889,-84.494444,5,49712.111,402.1624966
551,133.658889,-84.494444,6,78044.27702,402.1624966
552,133.658889,-84.494444,7,97932.27799,402.1624966
553,133.658889,-84.494444,8,139614.724,402.1624966
554,133.658889,-84.494444,9,167462.668,402.1624966
555,133.658889,-84.494444,10,148285.9453,402.1624966
556,133.658889,-84.494444,11,175694.5579,402.1624966
557,133.658889,-84.494444,12,178605.334,402.1624966
558,133.658889,-84.494444,13,146407.0555,402.1624966
559,133.658889,-84.494444,14,105979.6115,402.1624966
560,133.658889,-84.494444,15,195684.444,402.1624966
561,133.812602,-84.371568,0,6207.5,451.7097244
562,133.812602,-84.371568,1,3243.999959,451.7097244
563,133.812602,-84.371568,2,17906.55542,451.7097244
564,133.812602,-84.371568,3,48567.05558,451.7097244
565,133.812602,-84.371568,4,115908.9456,451.7097244
566,133.812602,-84.371568,5,206557.778,451.7097244
567,133.812602,-84.371568,6,273570.1628,451.7097244
568,133.812602,-84.371568,7,260584.2773,451.7097244
569,133.812602,-84.371568,8,261104.1172,451.7097244
570,133.812602,-84.371568,9,240048.112,451.7097244
571,133.812602,-84.371568,10,169361.8359,451.7097244
572,133.812602,-84.371568,11,143548.9466,451.7097244
573,133.812602,-84.371568,12,95952.22266,451.7097244
574,133.812602,-84.371568,13,56433.33431,451.7097244
575,133.812602,-84.371568,14,32299.38859,451.7097244
576,133.812602,-84.371568,15,25452.4998,451.7097244
577,133.848417,-84.3595,0,1916.500015,354.4911976
578,133.848417,-84.3595,1,1068.888889,354.4911976
579,133.848417,-84.3595,2,5578.72226,354.4911976
580,133.848417,-84.3595,3,22562.55538,354.4911976
581,133.848417,-84.3595,4,64334.05648,354.4911976
582,133.848417,-84.3595,5,111029.1667,354.4911976
583,133.848417,-84.3595,6,148543.2799,354.4911976
584,133.848417,-84.3595,7,161789.0547,354.4911976
585,133.848417,-84.3595,8,184769.888,354.4911976
586,133.848417,-84.3595,9,172631.2201,354.4911976
587,133.848417,-84.3595,10,126191.0573,354.4911976
588,133.848417,-84.3595,11,117486.4434,354.4911976
589,133.848417,-84.3595,12,80509.611,354.4911976
590,133.848417,-84.3595,13,46074.38867,354.4911976
591,133.848417,-84.3595,14,26139.83366,354.4911976
592,133.848417,-84.3595,15,23681.88932,354.4911976
593,133.830631,-84.361151,0,3409.222209,303.1962979
594,133.830631,-84.361151,1,1647.111111,303.1962979
595,133.830631,-84.361151,2,9547.111064,303.1962979
596,133.830631,-84.361151,3,21210.99957,303.1962979
597,133.830631,-84.361151,4,47816.94482,303.1962979
598,133.830631,-84.361151,5,102123.1106,303.1962979
599,133.830631,-84.361151,6,149723.8363,303.1962979
600,133.830631,-84.361151,7,156592.0007,303.1962979
601,133.830631,-84.361151,8,162959.2261,303.1962979
602,133.830631,-84.361151,9,158544.3354,303.1962979
603,133.830631,-84.361151,10,117903.9987,303.1962979
604,133.830631,-84.361151,11,112796.2772,303.1962979
605,133.830631,-84.361151,12,82685.9991,303.1962979
606,133.830631,-84.361151,13,46383.77808,303.1962979
607,133.830631,-84.361151,14,24972.27771,303.1962979
608,133.830631,-84.361151,15,25942.94491,303.1962979
609,133.774305,-84.352977,0,1184.333323,427.7009354
610,133.774305,-84.352977,1,530.3888906,427.7009354
611,133.774305,-84.352977,2,2717.333354,427.7009354
612,133.774305,-84.352977,3,10678.11117,427.7009354
613,133.774305,-84.352977,4,38451.27865,427.7009354
614,133.774305,-84.352977,5,108453.7773,427.7009354
615,133.774305,-84.352977,6,174914.776,427.7009354
616,133.774305,-84.352977,7,188758.2214,427.7009354
617,133.774305,-84.352977,8,202944.224,427.7009354
618,133.774305,-84.352977,9,193999.7773,427.7009354
619,133.774305,-84.352977,10,154049.554,427.7009354
620,133.774305,-84.352977,11,150143.278,427.7009354
621,133.774305,-84.352977,12,124463.8314,427.7009354
622,133.774305,-84.352977,13,94036.66667,427.7009354
623,133.774305,-84.352977,14,68261.77702,427.7009354
624,133.774305,-84.352977,15,110343.7207,427.7009354
625,133.768754,-84.390747,0,3849.222148,270.5226879
626,133.768754,-84.390747,1,3727.388916,270.5226879
627,133.768754,-84.390747,2,24183.44458,270.5226879
628,133.768754,-84.390747,3,51845.38932,270.5226879
629,133.768754,-84.390747,4,100399.0566,270.5226879
630,133.768754,-84.390747,5,164798.888,270.5226879
631,133.768754,-84.390747,6,155531.224,270.5226879
632,133.768754,-84.390747,7,142418.2786,270.5226879
633,133.768754,-84.390747,8,139200.054,270.5226879
634,133.768754,-84.390747,9,95310.05469,270.5226879
635,133.768754,-84.390747,10,66883.61068,270.5226879
636,133.768754,-84.390747,11,59410.72233,270.5226879
637,133.768754,-84.390747,12,42634.38965,270.5226879
638,133.768754,-84.390747,13,26729.7229,270.5226879
639,133.768754,-84.390747,14,17100.0001,270.5226879
640,133.768754,-84.390747,15,24913.77799,270.5226879
641,133.757717,-84.382835,0,7801.611043,288.2152748
642,133.757717,-84.382835,1,11418.0555,288.2152748
643,133.757717,-84.382835,2,59784.22103,288.2152748
644,133.757717,-84.382835,3,124534.0007,288.2152748
645,133.757717,-84.382835,4,184719.5013,288.2152748
646,133.757717,-84.382835,5,228175.9453,288.2152748
647,133.757717,-84.382835,6,206850.1081,288.2152748
648,133.757717,-84.382835,7,170297.5,288.2152748
649,133.757717,-84.382835,8,148406,288.2152748
650,133.757717,-84.382835,9,98956.33268,288.2152748
651,133.757717,-84.382835,10,61053.22192,288.2152748
652,133.757717,-84.382835,11,44280.77669,288.2152748
653,133.757717,-84.382835,12,21375.00039,288.2152748
654,133.757717,-84.382835,13,9244.500112,288.2152748
655,133.757717,-84.382835,14,4545.388901,288.2152748
656,133.757717,-84.382835,15,2910.833293,288.2152748
657,133.749028,-84.357694,0,6846.94458,345.3013916
658,133.749028,-84.357694,1,9115.777568,345.3013916
659,133.749028,-84.357694,2,52386.38953,345.3013916
660,133.749028,-84.357694,3,96960.39111,345.3013916
661,133.749028,-84.357694,4,162379.1156,345.3013916
662,133.749028,-84.357694,5,171436.722,345.3013916
663,133.749028,-84.357694,6,181986.2773,345.3013916
664,133.749028,-84.357694,7,161391.498,345.3013916
665,133.749028,-84.357694,8,145538.5033,345.3013916
666,133.749028,-84.357694,9,120647.2204,345.3013916
667,133.749028,-84.357694,10,88218.88704,345.3013916
668,133.749028,-84.357694,11,80943.16667,345.3013916
669,133.749028,-84.357694,12,58119.6674,345.3013916
670,133.749028,-84.357694,13,39599.55665,345.3013916
671,133.749028,-84.357694,14,24498.66645,345.3013916
672,133.749028,-84.357694,15,32144.66742,345.3013916
673,133.758878,-84.38976,0,6068.222331,349.2055569
674,133.758878,-84.38976,1,5972.277674,349.2055569
675,133.758878,-84.38976,2,44031.50033,349.2055569
676,133.758878,-84.38976,3,103431.0023,349.2055569
677,133.758878,-84.38976,4,150501.556,349.2055569
678,133.758878,-84.38976,5,189274.832,349.2055569
679,133.758878,-84.38976,6,191019.7222,349.2055569
680,133.758878,-84.38976,7,168652.8893,349.2055569
681,133.758878,-84.38976,8,157130.5026,349.2055569
682,133.758878,-84.38976,9,118592.832,349.2055569
683,133.758878,-84.38976,10,81002.05379,349.2055569
684,133.758878,-84.38976,11,66028.83309,349.2055569
685,133.758878,-84.38976,12,41001.33358,349.2055569
686,133.758878,-84.38976,13,22468.55509,349.2055569
687,133.758878,-84.38976,14,14050.88892,349.2055569
688,133.758878,-84.38976,15,16710.49984,349.2055569
689,133.780694,-84.296304,0,1462.777771,374.0972238
690,133.780694,-84.296304,1,1154.666679,374.0972238
691,133.780694,-84.296304,2,6306.222172,374.0972238
692,133.780694,-84.296304,3,17277.61132,374.0972238
693,133.780694,-84.296304,4,51506.0565,374.0972238
694,133.780694,-84.296304,5,112438.6646,374.0972238
695,133.780694,-84.296304,6,149718.9412,374.0972238
696,133.780694,-84.296304,7,155570.8911,374.0972238
697,133.780694,-84.296304,8,175881.0545,374.0972238
698,133.780694,-84.296304,9,192903.4982,374.0972238
699,133.780694,-84.296304,10,154655.6665,374.0972238
700,133.780694,-84.296304,11,140563.2758,374.0972238
701,133.780694,-84.296304,12,103942.3913,374.0972238
702,133.780694,-84.296304,13,66461.99959,374.0972238
703,133.780694,-84.296304,14,39183.5002,374.0972238
704,133.780694,-84.296304,15,49760.27909,374.0972238
705,133.626664,-84.457691,0,6575.44457,195.6606522
706,133.626664,-84.457691,1,4505.444483,195.6606522
707,133.626664,-84.457691,2,16903.33309,195.6606522
708,133.626664,-84.457691,3,29505.27732,195.6606522
709,133.626664,-84.457691,4,44250.05611,195.6606522
710,133.626664,-84.457691,5,59528.44442,195.6606522
711,133.626664,-84.457691,6,73371.33252,195.6606522
712,133.626664,-84.457691,7,73210.1097,195.6606522
713,133.626664,-84.457691,8,77678.22201,195.6606522
714,133.626664,-84.457691,9,77766.50033,195.6606522
715,133.626664,-84.457691,10,63963.83333,195.6606522
716,133.626664,-84.457691,11,62354.66667,195.6606522
717,133.626664,-84.457691,12,52817.33366,195.6606522
718,133.626664,-84.457691,13,40195.66699,195.6606522
719,133.626664,-84.457691,14,29532.38916,195.6606522
720,133.626664,-84.457691,15,46220.27832,195.6606522
721,133.842636,-84.377978,0,1434.444417,324.6296225
722,133.842636,-84.377978,1,632.5555522,324.6296225
723,133.842636,-84.377978,2,3046.888875,324.6296225
724,133.842636,-84.377978,3,9641.27771,324.6296225
725,133.842636,-84.377978,4,25703.00033,324.6296225
726,133.842636,-84.377978,5,54798.38802,324.6296225
727,133.842636,-84.377978,6,90339.61198,324.6296225
728,133.842636,-84.377978,7,115058.5573,324.6296225
729,133.842636,-84.377978,8,147625.6074,324.6296225
730,133.842636,-84.377978,9,160784.6139,324.6296225
731,133.842636,-84.377978,10,130024.7225,324.6296225
732,133.842636,-84.377978,11,133550.0011,324.6296225
733,133.842636,-84.377978,12,104713.1676,324.6296225
734,133.842636,-84.377978,13,68682.72221,324.6296225
735,133.842636,-84.377978,14,44593.66667,324.6296225
736,133.842636,-84.377978,15,54842.50006,324.6296225
737,133.853116,-84.380695,0,1930.666687,363.0032444
738,133.853116,-84.380695,1,700.2222137,363.0032444
739,133.853116,-84.380695,2,4086.333272,363.0032444
740,133.853116,-84.380695,3,15271.38912,363.0032444
741,133.853116,-84.380695,4,30063.0555,363.0032444
742,133.853116,-84.380695,5,58502.4432,363.0032444
743,133.853116,-84.380695,6,86183.33431,363.0032444
744,133.853116,-84.380695,7,108856.1647,363.0032444
745,133.853116,-84.380695,8,142656.168,363.0032444
746,133.853116,-84.380695,9,158549.056,363.0032444
747,133.853116,-84.380695,10,141760.0547,363.0032444
748,133.853116,-84.380695,11,150611.9987,363.0032444
749,133.853116,-84.380695,12,127874.7233,363.0032444
750,133.853116,-84.380695,13,89007.33398,363.0032444
751,133.853116,-84.380695,14,57710.55501,363.0032444
752,133.853116,-84.380695,15,78797.05566,363.0032444
753,133.835066,-84.385317,0,2136.777791,267.9990692
754,133.835066,-84.385317,1,1995.166621,267.9990692
755,133.835066,-84.385317,2,11468.88872,267.9990692
756,133.835066,-84.385317,3,30465.33346,267.9990692
757,133.835066,-84.385317,4,64158.05615,267.9990692
758,133.835066,-84.385317,5,94723.27637,267.9990692
759,133.835066,-84.385317,6,121946.3893,267.9990692
760,133.835066,-84.385317,7,120098.8353,267.9990692
761,133.835066,-84.385317,8,139538.0013,267.9990692
762,133.835066,-84.385317,9,135168.221,267.9990692
763,133.835066,-84.385317,10,94983.83301,267.9990692
764,133.835066,-84.385317,11,94265.16536,267.9990692
765,133.835066,-84.385317,12,76138.88753,267.9990692
766,133.835066,-84.385317,13,55610.6674,267.9990692
767,133.835066,-84.385317,14,34494.27743,267.9990692
768,133.835066,-84.385317,15,42454,267.9990692
769,133.7643,-84.3757,0,8070.38916,511.0837975
770,133.7643,-84.3757,1,7915.72231,511.0837975
771,133.7643,-84.3757,2,43170.83276,511.0837975
772,133.7643,-84.3757,3,88853.66813,511.0837975
773,133.7643,-84.3757,4,145870.498,511.0837975
774,133.7643,-84.3757,5,213605.3333,511.0837975
775,133.7643,-84.3757,6,261642.3906,511.0837975
776,133.7643,-84.3757,7,268036.0547,511.0837975
777,133.7643,-84.3757,8,274092.7799,511.0837975
778,133.7643,-84.3757,9,244273.2266,511.0837975
779,133.7643,-84.3757,10,177772.056,511.0837975
780,133.7643,-84.3757,11,164045.5039,511.0837975
781,133.7643,-84.3757,12,115038.8874,511.0837975
782,133.7643,-84.3757,13,66581.38818,511.0837975
783,133.7643,-84.3757,14,41418.55542,511.0837975
784,133.7643,-84.3757,15,52089.61145,511.0837975
785,133.747361,-84.414362,0,1546.555583,336.2523117
786,133.747361,-84.414362,1,607.2222188,336.2523117
787,133.747361,-84.414362,2,5722.222127,336.2523117
788,133.747361,-84.414362,3,18103.88867,336.2523117
789,133.747361,-84.414362,4,54855,336.2523117
790,133.747361,-84.414362,5,187980.6667,336.2523117
791,133.747361,-84.414362,6,415403.4375,336.2523117
792,133.747361,-84.414362,7,542324.4479,336.2523117
793,133.747361,-84.414362,8,675296.1146,336.2523117
794,133.747361,-84.414362,9,722022.4479,336.2523117
795,133.747361,-84.414362,10,544497.2188,336.2523117
796,133.747361,-84.414362,11,483234.7813,336.2523117
797,133.747361,-84.414362,12,315387.8906,336.2523117
798,133.747361,-84.414362,13,178949.112,336.2523117
799,133.747361,-84.414362,14,95454.22135,336.2523117
800,133.747361,-84.414362,15,67326.33464,336.2523117
801,133.738758,-84.403527,0,1089.49999,204.8212996
802,133.738758,-84.403527,1,409.1666679,204.8212996
803,133.738758,-84.403527,2,1974.222275,204.8212996
804,133.738758,-84.403527,3,5793.88873,204.8212996
805,133.738758,-84.403527,4,17042.94446,204.8212996
806,133.738758,-84.403527,5,42436.16671,204.8212996
807,133.738758,-84.403527,6,70422.61194,204.8212996
808,133.738758,-84.403527,7,85806.27698,204.8212996
809,133.738758,-84.403527,8,112895.2242,204.8212996
810,133.738758,-84.403527,9,124593.6661,204.8212996
811,133.738758,-84.403527,10,89992.11027,204.8212996
812,133.738758,-84.403527,11,80598.0568,204.8212996
813,133.738758,-84.403527,12,56369.44393,204.8212996
814,133.738758,-84.403527,13,34177.72233,204.8212996
815,133.738758,-84.403527,14,21820.72192,204.8212996
816,133.738758,-84.403527,15,25843.83366,204.8212996
817,133.780555,-84.3652,0,5097.055644,413.2291584
818,133.780555,-84.3652,1,3958.611155,413.2291584
819,133.780555,-84.3652,2,21064.22203,413.2291584
820,133.780555,-84.3652,3,47913.8894,413.2291584
821,133.780555,-84.3652,4,97067.94401,413.2291584
822,133.780555,-84.3652,5,162328.6686,413.2291584
823,133.780555,-84.3652,6,200013.2227,413.2291584
824,133.780555,-84.3652,7,211328.2227,413.2291584
825,133.780555,-84.3652,8,226896.7813,413.2291584
826,133.780555,-84.3652,9,201779.8307,413.2291584
827,133.780555,-84.3652,10,140286.444,413.2291584
828,133.780555,-84.3652,11,121509.498,413.2291584
829,133.780555,-84.3652,12,82429.27799,413.2291584
830,133.780555,-84.3652,13,45890.05469,413.2291584
831,133.780555,-84.3652,14,24852.72201,413.2291584
832,133.780555,-84.3652,15,23197.50024,413.2291584
833,133.660165,-84.431839,0,9118.444448,659.443985
834,133.660165,-84.431839,1,7893.222127,659.443985
835,133.660165,-84.431839,2,36181.05605,659.443985
836,133.660165,-84.431839,3,91910.99756,659.443985
837,133.660165,-84.431839,4,204240.5579,659.443985
838,133.660165,-84.431839,5,342948.7747,659.443985
839,133.660165,-84.431839,6,415334.2311,659.443985
840,133.660165,-84.431839,7,404569.7214,659.443985
841,133.660165,-84.431839,8,376700.9414,659.443985
842,133.660165,-84.431839,9,291790.4961,659.443985
843,133.660165,-84.431839,10,200353.7201,659.443985
844,133.660165,-84.431839,11,165560.8314,659.443985
845,133.660165,-84.431839,12,106721.2757,659.443985
846,133.660165,-84.431839,13,63656.16724,659.443985
847,133.660165,-84.431839,14,37866.72152,659.443985
848,133.660165,-84.431839,15,46143.88862,659.443985
849,133.640663,-84.444148,0,1015.111125,213.6981506
850,133.640663,-84.444148,1,295.888888,213.6981506
851,133.640663,-84.444148,2,758.222229,213.6981506
852,133.640663,-84.444148,3,2047.00002,213.6981506
853,133.640663,-84.444148,4,7096.222087,213.6981506
854,133.640663,-84.444148,5,18521.66715,213.6981506
855,133.640663,-84.444148,6,31705.44466,213.6981506
856,133.640663,-84.444148,7,49530.77865,213.6981506
857,133.640663,-84.444148,8,75941.88802,213.6981506
858,133.640663,-84.444148,9,126610.2214,213.6981506
859,133.640663,-84.444148,10,143361.3359,213.6981506
860,133.640663,-84.444148,11,198521,213.6981506
861,133.640663,-84.444148,12,215297.5625,213.6981506
862,133.640663,-84.444148,13,174129.888,213.6981506
863,133.640663,-84.444148,14,126890.6641,213.6981506
864,133.640663,-84.444148,15,175828.6719,213.6981506
865,133.934,-83.9796,0,1235.222209,319.0597191
866,133.934,-83.9796,1,1054.666659,319.0597191
867,133.934,-83.9796,2,7043.555471,319.0597191
868,133.934,-83.9796,3,24553.88857,319.0597191
869,133.934,-83.9796,4,64451.33305,319.0597191
870,133.934,-83.9796,5,116189.0553,319.0597191
871,133.934,-83.9796,6,144540.998,319.0597191
872,133.934,-83.9796,7,147403.2201,319.0597191
873,133.934,-83.9796,8,161219.3867,319.0597191
874,133.934,-83.9796,9,147158.1113,319.0597191
875,133.934,-83.9796,10,112161.5,319.0597191
876,133.934,-83.9796,11,103274.1673,319.0597191
877,133.934,-83.9796,12,75589.22363,319.0597191
878,133.934,-83.9796,13,46894.44466,319.0597191
879,133.934,-83.9796,14,27241.8894,319.0597191
880,133.934,-83.9796,15,36011.66618,319.0597191
881,133.92,-84.0181,0,960.5555522,379.8152752
882,133.92,-84.0181,1,429.2222239,379.8152752
883,133.92,-84.0181,2,3453.388977,379.8152752
884,133.92,-84.0181,3,14478.00037,379.8152752
885,133.92,-84.0181,4,46733.22192,379.8152752
886,133.92,-84.0181,5,119632.1108,379.8152752
887,133.92,-84.0181,6,167503.1667,379.8152752
888,133.92,-84.0181,7,187406.9941,379.8152752
889,133.92,-84.0181,8,215193.8294,379.8152752
890,133.92,-84.0181,9,189953.9434,379.8152752
891,133.92,-84.0181,10,140825.9987,379.8152752
892,133.92,-84.0181,11,126930.6647,379.8152752
893,133.92,-84.0181,12,94591.05566,379.8152752
894,133.92,-84.0181,13,64836.55534,379.8152752
895,133.92,-84.0181,14,39713.72249,379.8152752
896,133.92,-84.0181,15,50876.50033,379.8152752
897,134.076915,-84.165151,0,1256.722219,429.1513934
898,134.076915,-84.165151,1,935.7777557,429.1513934
899,134.076915,-84.165151,2,4618.833272,429.1513934
900,134.076915,-84.165151,3,13590.11076,429.1513934
901,134.076915,-84.165151,4,44506.27734,429.1513934
902,134.076915,-84.165151,5,103446.332,429.1513934
903,134.076915,-84.165151,6,168351.2194,429.1513934
904,134.076915,-84.165151,7,204477.6136,429.1513934
905,134.076915,-84.165151,8,242022.8854,429.1513934
906,134.076915,-84.165151,9,236187.1725,429.1513934
907,134.076915,-84.165151,10,176394.444,429.1513934
908,134.076915,-84.165151,11,165880.7257,429.1513934
909,134.076915,-84.165151,12,122394.6655,429.1513934
910,134.076915,-84.165151,13,78115.33421,429.1513934
911,134.076915,-84.165151,14,49484.05648,429.1513934
912,134.076915,-84.165151,15,55586.61138,429.1513934
913,133.920976,-84.308813,0,1449.5,301.2361088
914,133.920976,-84.308813,1,561.6111196,301.2361088
915,133.920976,-84.308813,2,3359.833405,301.2361088
916,133.920976,-84.308813,3,11372.5001,301.2361088
917,133.920976,-84.308813,4,32516.88883,301.2361088
918,133.920976,-84.308813,5,63742.05518,301.2361088
919,133.920976,-84.308813,6,87670.83138,301.2361088
920,133.920976,-84.308813,7,99599.77865,301.2361088
921,133.920976,-84.308813,8,114819.4447,301.2361088
922,133.920976,-84.308813,9,128821.8353,301.2361088
923,133.920976,-84.308813,10,108828.946,301.2361088
924,133.920976,-84.308813,11,114351.8906,301.2361088
925,133.920976,-84.308813,12,103132.3307,301.2361088
926,133.920976,-84.308813,13,79279.22184,301.2361088
927,133.920976,-84.308813,14,52826.44474,301.2361088
928,133.920976,-84.308813,15,89485.50236,301.2361088
929,134.057496,-84.3052,0,5086.222249,480.0828667
930,134.057496,-84.3052,1,1196.166656,480.0828667
931,134.057496,-84.3052,2,9335.777669,480.0828667
932,134.057496,-84.3052,3,31487.8328,480.0828667
933,134.057496,-84.3052,4,96246.83447,480.0828667
934,134.057496,-84.3052,5,181254.9437,480.0828667
935,134.057496,-84.3052,6,234086.2217,480.0828667
936,134.057496,-84.3052,7,243751.9935,480.0828667
937,134.057496,-84.3052,8,262749.3906,480.0828667
938,134.057496,-84.3052,9,213718.0534,480.0828667
939,134.057496,-84.3052,10,159848.1667,480.0828667
940,134.057496,-84.3052,11,150194.888,480.0828667
941,134.057496,-84.3052,12,112394.2767,480.0828667
942,134.057496,-84.3052,13,70452.99902,480.0828667
943,134.057496,-84.3052,14,39241.11165,480.0828667
944,134.057496,-84.3052,15,43359.55497,480.0828667
945,133.897913,-84.30464,0,1458.944438,304.3087959
946,133.897913,-84.30464,1,451.888888,304.3087959
947,133.897913,-84.30464,2,2050.611115,304.3087959
948,133.897913,-84.30464,3,5195.166707,304.3087959
949,133.897913,-84.30464,4,19279.50016,304.3087959
950,133.897913,-84.30464,5,57267.83366,304.3087959
951,133.897913,-84.30464,6,102532.0007,304.3087959
952,133.897913,-84.30464,7,118017.944,304.3087959
953,133.897913,-84.30464,8,148598.5013,304.3087959
954,133.897913,-84.30464,9,160715.9987,304.3087959
955,133.897913,-84.30464,10,135322.2773,304.3087959
956,133.897913,-84.30464,11,122816.556,304.3087959
957,133.897913,-84.30464,12,95504.27865,304.3087959
958,133.897913,-84.30464,13,62476.77897,304.3087959
959,133.897913,-84.30464,14,36748.72201,304.3087959
960,133.897913,-84.30464,15,39345.49967,304.3087959
961,133.953261,-84.136989,0,2006.333344,482.3236122
962,133.953261,-84.136989,1,1112.49999,482.3236122
963,133.953261,-84.136989,2,5737,482.3236122
964,133.953261,-84.136989,3,16691.33333,482.3236122
965,133.953261,-84.136989,4,52877.11068,482.3236122
966,133.953261,-84.136989,5,121269.998,482.3236122
967,133.953261,-84.136989,6,195006.7266,482.3236122
968,133.953261,-84.136989,7,222549.5586,482.3236122
969,133.953261,-84.136989,8,253321.7188,482.3236122
970,133.953261,-84.136989,9,239262.1172,482.3236122
971,133.953261,-84.136989,10,178642.7227,482.3236122
972,133.953261,-84.136989,11,169847.9961,482.3236122
973,133.953261,-84.136989,12,123929.0013,482.3236122
974,133.953261,-84.136989,13,75271.00098,482.3236122
975,133.953261,-84.136989,14,43935.16683,482.3236122
976,133.953261,-84.136989,15,50098.11182,482.3236122
977,133.943961,-84.12166,0,1045.000025,246.2074089
978,133.943961,-84.12166,1,425.6111094,246.2074089
979,133.943961,-84.12166,2,2415.22227,246.2074089
980,133.943961,-84.12166,3,8019.55542,246.2074089
981,133.943961,-84.12166,4,25010.99992,246.2074089
982,133.943961,-84.12166,5,55754.05566,246.2074089
983,133.943961,-84.12166,6,83800.83333,246.2074089
984,133.943961,-84.12166,7,95529.38867,246.2074089
985,133.943961,-84.12166,8,115625.1667,246.2074089
986,133.943961,-84.12166,9,118017.722,246.2074089
987,133.943961,-84.12166,10,94770.61198,246.2074089
988,133.943961,-84.12166,11,101646.7214,246.2074089
989,133.943961,-84.12166,12,83564.33366,246.2074089
990,133.943961,-84.12166,13,56296.66667,246.2074089
991,133.943961,-84.12166,14,35133.66602,246.2074089
992,133.943961,-84.12166,15,52329.16764,246.2074089
993,133.909025,-84.207411,0,1360.888906,378.8963013
994,133.909025,-84.207411,1,468.4444377,378.8963013
995,133.909025,-84.207411,2,1792.277771,378.8963013
996,133.909025,-84.207411,3,5488.444519,378.8963013
997,133.909025,-84.207411,4,21436.61076,378.8963013
998,133.909025,-84.207411,5,68259.5542,378.8963013
999,133.909025,-84.207411,6,123891.4434,378.8963013
1000,133.909025,-84.207411,7,157829.502,378.8963013
1001,133.909025,-84.207411,8,209877.0573,378.8963013
1002,133.909025,-84.207411,9,225071.6667,378.8963013
1003,133.909025,-84.207411,10,175377.4466,378.8963013
1004,133.909025,-84.207411,11,173622.2214,378.8963013
1005,133.909025,-84.207411,12,126628.2201,378.8963013
1006,133.909025,-84.207411,13,76628.77734,378.8963013
1007,133.909025,-84.207411,14,48143.99967,378.8963013
1008,133.909025,-84.207411,15,51958.389,378.8963013
1009,133.977359,-84.156289,0,1216.611104,314.8060164
1010,133.977359,-84.156289,1,479.6666718,314.8060164
1011,133.977359,-84.156289,2,3223.722158,314.8060164
1012,133.977359,-84.156289,3,8914.33315,314.8060164
1013,133.977359,-84.156289,4,25399.83325,314.8060164
1014,133.977359,-84.156289,5,53358.16829,314.8060164
1015,133.977359,-84.156289,6,81222.66602,314.8060164
1016,133.977359,-84.156289,7,94115.66764,314.8060164
1017,133.977359,-84.156289,8,119353.8887,314.8060164
1018,133.977359,-84.156289,9,138166.1104,314.8060164
1019,133.977359,-84.156289,10,116207.4985,314.8060164
1020,133.977359,-84.156289,11,127461.3921,314.8060164
1021,133.977359,-84.156289,12,112176.724,314.8060164
1022,133.977359,-84.156289,13,80401.88867,314.8060164
1023,133.977359,-84.156289,14,50524.88867,314.8060164
1024,133.977359,-84.156289,15,83102.7782,314.8060164
1025,134.089576,-84.346026,0,1268.111115,602.7342682
1026,134.089576,-84.346026,1,802.7222112,602.7342682
1027,134.089576,-84.346026,2,3545.444494,602.7342682
1028,134.089576,-84.346026,3,10382.55555,602.7342682
1029,134.089576,-84.346026,4,29868.44486,602.7342682
1030,134.089576,-84.346026,5,78143.11003,602.7342682
1031,134.089576,-84.346026,6,154461.334,602.7342682
1032,134.089576,-84.346026,7,230630.6647,602.7342682
1033,134.089576,-84.346026,8,318629.4922,602.7342682
1034,134.089576,-84.346026,9,365472.1094,602.7342682
1035,134.089576,-84.346026,10,306513.9427,602.7342682
1036,134.089576,-84.346026,11,306659.2253,602.7342682
1037,134.089576,-84.346026,12,249914.224,602.7342682
1038,134.089576,-84.346026,13,164668.8333,602.7342682
1039,134.089576,-84.346026,14,100649.5562,602.7342682
1040,134.089576,-84.346026,15,139226.7225,602.7342682
1041,133.983473,-84.429924,0,1510.50001,458.4412117
1042,133.983473,-84.429924,1,524.5000102,458.4412117
1043,133.983473,-84.429924,2,3617.722173,458.4412117
1044,133.983473,-84.429924,3,12173.05534,458.4412117
1045,133.983473,-84.429924,4,32719.99976,458.4412117
1046,133.983473,-84.429924,5,77204.61117,458.4412117
1047,133.983473,-84.429924,6,134727.502,458.4412117
1048,133.983473,-84.429924,7,170654.3887,458.4412117
1049,133.983473,-84.429924,8,198272.668,458.4412117
1050,133.983473,-84.429924,9,208931.1641,458.4412117
1051,133.983473,-84.429924,10,165267.3861,458.4412117
1052,133.983473,-84.429924,11,167889.0573,458.4412117
1053,133.983473,-84.429924,12,148912.2214,458.4412117
1054,133.983473,-84.429924,13,115976.39,458.4412117
1055,133.983473,-84.429924,14,84371.72201,458.4412117
1056,133.983473,-84.429924,15,175259.0589,458.4412117
1057,133.928497,-84.335441,0,2573.111135,358.3981476
1058,133.928497,-84.335441,1,1056.333349,358.3981476
1059,133.928497,-84.335441,2,8024.444295,358.3981476
1060,133.928497,-84.335441,3,26693.83341,358.3981476
1061,133.928497,-84.335441,4,70420.44401,358.3981476
1062,133.928497,-84.335441,5,110742.8356,358.3981476
1063,133.928497,-84.335441,6,148113.0586,358.3981476
1064,133.928497,-84.335441,7,150221.6667,358.3981476
1065,133.928497,-84.335441,8,166412.0579,358.3981476
1066,133.928497,-84.335441,9,167463.668,358.3981476
1067,133.928497,-84.335441,10,131180.3327,358.3981476
1068,133.928497,-84.335441,11,132289.7217,358.3981476
1069,133.928497,-84.335441,12,110796.332,358.3981476
1070,133.928497,-84.335441,13,77247.66748,358.3981476
1071,133.928497,-84.335441,14,49849.83309,358.3981476
1072,133.928497,-84.335441,15,68220.55501,358.3981476
1073,133.925,-84.34333,0,7937.277771,475.1888924
1074,133.925,-84.34333,1,4956.444458,475.1888924
1075,133.925,-84.34333,2,31544.83366,475.1888924
1076,133.925,-84.34333,3,90317.27734,475.1888924
1077,133.925,-84.34333,4,201865.3288,475.1888924
1078,133.925,-84.34333,5,267916.8932,475.1888924
1079,133.925,-84.34333,6,263867.2161,475.1888924
1080,133.925,-84.34333,7,242617.2214,475.1888924
1081,133.925,-84.34333,8,229062.5573,475.1888924
1082,133.925,-84.34333,9,193808.7188,475.1888924
1083,133.925,-84.34333,10,143756.7786,475.1888924
1084,133.925,-84.34333,11,136146.278,475.1888924
1085,133.925,-84.34333,12,99530.83171,475.1888924
1086,133.925,-84.34333,13,66096.22119,475.1888924
1087,133.925,-84.34333,14,44376.11108,475.1888924
1088,133.925,-84.34333,15,63760.77783,475.1888924
1089,134.105667,-84.24494,0,6026.333354,441.9398079
1090,134.105667,-84.24494,1,2172.388885,441.9398079
1091,134.105667,-84.24494,2,13702.27743,441.9398079
1092,134.105667,-84.24494,3,35464.27824,441.9398079
1093,134.105667,-84.24494,4,96456.44287,441.9398079
1094,134.105667,-84.24494,5,173773.1654,441.9398079
1095,134.105667,-84.24494,6,207395.3861,441.9398079
1096,134.105667,-84.24494,7,201361.8867,441.9398079
1097,134.105667,-84.24494,8,210479.5547,441.9398079
1098,134.105667,-84.24494,9,190634.1139,441.9398079
1099,134.105667,-84.24494,10,138544.555,441.9398079
1100,134.105667,-84.24494,11,135569.0563,441.9398079
1101,134.105667,-84.24494,12,109366.9992,441.9398079
1102,134.105667,-84.24494,13,88830.1097,441.9398079
1103,134.105667,-84.24494,14,59734.33276,441.9398079
1104,134.105667,-84.24494,15,37482.99992,441.9398079
1105,133.90697,-84.353985,0,4137.000041,699.370369
1106,133.90697,-84.353985,1,2964.611104,699.370369
1107,133.90697,-84.353985,2,15735.99988,699.370369
1108,133.90697,-84.353985,3,52033.00049,699.370369
1109,133.90697,-84.353985,4,133204.056,699.370369
1110,133.90697,-84.353985,5,236821.0026,699.370369
1111,133.90697,-84.353985,6,313250.2214,699.370369
1112,133.90697,-84.353985,7,346532.776,699.370369
1113,133.90697,-84.353985,8,400799.5625,699.370369
1114,133.90697,-84.353985,9,386754.0052,699.370369
1115,133.90697,-84.353985,10,290591.9948,699.370369
1116,133.90697,-84.353985,11,266797.8307,699.370369
1117,133.90697,-84.353985,12,180544.3333,699.370369
1118,133.90697,-84.353985,13,99752.94401,699.370369
1119,133.90697,-84.353985,14,58129.50033,699.370369
1120,133.90697,-84.353985,15,53016.72168,699.370369
1121,133.935134,-84.156299,0,1399.611079,281.154623
1122,133.935134,-84.156299,1,712.9444529,281.154623
1123,133.935134,-84.156299,2,4929.722188,281.154623
1124,133.935134,-84.156299,3,15215.33325,281.154623
1125,133.935134,-84.156299,4,42797.27881,281.154623
1126,133.935134,-84.156299,5,89055.22087,281.154623
1127,133.935134,-84.156299,6,122227.391,281.154623
1128,133.935134,-84.156299,7,132167.5023,281.154623
1129,133.935134,-84.156299,8,158076.2773,281.154623
1130,133.935134,-84.156299,9,143649.5026,281.154623
1131,133.935134,-84.156299,10,97794,281.154623
1132,133.935134,-84.156299,11,92566.05632,281.154623
1133,133.935134,-84.156299,12,74069.55485,281.154623
1134,133.935134,-84.156299,13,50692.66667,281.154623
1135,133.935134,-84.156299,14,33031.4445,281.154623
1136,133.935134,-84.156299,15,47061.33276,281.154623
1137,133.928192,-84.180182,0,1056.666677,326.4546738
1138,133.928192,-84.180182,1,268.7222239,326.4546738
1139,133.928192,-84.180182,2,1410.555583,326.4546738
1140,133.928192,-84.180182,3,4898.611125,326.4546738
1141,133.928192,-84.180182,4,17705.72241,326.4546738
1142,133.928192,-84.180182,5,44806.55534,326.4546738
1143,133.928192,-84.180182,6,81378.39063,326.4546738
1144,133.928192,-84.180182,7,105783.5,326.4546738
1145,133.928192,-84.180182,8,140310.4466,326.4546738
1146,133.928192,-84.180182,9,164015.8346,326.4546738
1147,133.928192,-84.180182,10,133589.7773,326.4546738
1148,133.928192,-84.180182,11,136053.5033,326.4546738
1149,133.928192,-84.180182,12,115646.8343,326.4546738
1150,133.928192,-84.180182,13,85048.27637,326.4546738
1151,133.928192,-84.180182,14,57620.66585,326.4546738
1152,133.928192,-84.180182,15,90205.83382,326.4546738
1153,134.063465,-84.215187,0,2288.499939,343.7486076
1154,134.063465,-84.215187,1,1940.333364,343.7486076
1155,134.063465,-84.215187,2,10688.1664,343.7486076
1156,134.063465,-84.215187,3,33056.16715,343.7486076
1157,134.063465,-84.215187,4,74221.4432,343.7486076
1158,134.063465,-84.215187,5,136978.0557,343.7486076
1159,134.063465,-84.215187,6,171902.2786,343.7486076
1160,134.063465,-84.215187,7,179267.5534,343.7486076
1161,134.063465,-84.215187,8,185900.668,343.7486076
1162,134.063465,-84.215187,9,161484.1146,343.7486076
1163,134.063465,-84.215187,10,118991.8314,343.7486076
1164,134.063465,-84.215187,11,112483.7803,343.7486076
1165,134.063465,-84.215187,12,81373.50228,343.7486076
1166,134.063465,-84.215187,13,49191.55566,343.7486076
1167,134.063465,-84.215187,14,29574.77865,343.7486076
1168,134.063465,-84.215187,15,33378.83392,343.7486076
1169,134.065137,-84.37881,0,861.3888957,407.4286976
1170,134.065137,-84.37881,1,678.4444434,407.4286976
1171,134.065137,-84.37881,2,3141.611074,407.4286976
1172,134.065137,-84.37881,3,11868.94446,407.4286976
1173,134.065137,-84.37881,4,36555.00098,407.4286976
1174,134.065137,-84.37881,5,93464.44385,407.4286976
1175,134.065137,-84.37881,6,168245.0527,407.4286976
1176,134.065137,-84.37881,7,220063.9447,407.4286976
1177,134.065137,-84.37881,8,274217.2214,407.4286976
1178,134.065137,-84.37881,9,267021.668,407.4286976
1179,134.065137,-84.37881,10,197386.1676,407.4286976
1180,134.065137,-84.37881,11,160304.2223,407.4286976
1181,134.065137,-84.37881,12,104799.1662,407.4286976
1182,134.065137,-84.37881,13,58381.77751,407.4286976
1183,134.065137,-84.37881,14,30769.27808,407.4286976
1184,134.065137,-84.37881,15,24229.72201,407.4286976
1185,134.03069,-84.3583,0,1722.50001,338.0342598
1186,134.03069,-84.3583,1,1103.055578,338.0342598
1187,134.03069,-84.3583,2,5247.777822,338.0342598
1188,134.03069,-84.3583,3,16266.11088,338.0342598
1189,134.03069,-84.3583,4,41979.77848,338.0342598
1190,134.03069,-84.3583,5,82104.66602,338.0342598
1191,134.03069,-84.3583,6,119345.6654,338.0342598
1192,134.03069,-84.3583,7,141438.944,338.0342598
1193,134.03069,-84.3583,8,161328.832,338.0342598
1194,134.03069,-84.3583,9,160208.4987,338.0342598
1195,134.03069,-84.3583,10,132742.222,338.0342598
1196,134.03069,-84.3583,11,125479.8346,338.0342598
1197,134.03069,-84.3583,12,92766.83366,338.0342598
1198,134.03069,-84.3583,13,60582.77686,338.0342598
1199,134.03069,-84.3583,14,36276.27779,338.0342598
1200,134.03069,-84.3583,15,41067.94478,338.0342598
1201,134.064639,-84.272917,0,2835.500041,676.8564835
1202,134.064639,-84.272917,1,2483.500031,676.8564835
1203,134.064639,-84.272917,2,13194.16667,676.8564835
1204,134.064639,-84.272917,3,41974.05518,676.8564835
1205,134.064639,-84.272917,4,114840.1667,676.8564835
1206,134.064639,-84.272917,5,217782.944,676.8564835
1207,134.064639,-84.272917,6,299983.9453,676.8564835
1208,134.064639,-84.272917,7,322340.6094,676.8564835
1209,134.064639,-84.272917,8,395351.9948,676.8564835
1210,134.064639,-84.272917,9,356354.8828,676.8564835
1211,134.064639,-84.272917,10,254670.1107,676.8564835
1212,134.064639,-84.272917,11,220693.5547,676.8564835
1213,134.064639,-84.272917,12,154705.2217,676.8564835
1214,134.064639,-84.272917,13,92786.10986,676.8564835
1215,134.064639,-84.272917,14,51733.5013,676.8564835
1216,134.064639,-84.272917,15,51720.44377,676.8564835
1217,133.902393,-84.246754,0,958.7777843,232.2907403
1218,133.902393,-84.246754,1,538.222229,232.2907403
1219,133.902393,-84.246754,2,2124.444458,232.2907403
1220,133.902393,-84.246754,3,7173.833471,232.2907403
1221,133.902393,-84.246754,4,21915.27837,232.2907403
1222,133.902393,-84.246754,5,53328.66558,232.2907403
1223,133.902393,-84.246754,6,90379.05599,232.2907403
1224,133.902393,-84.246754,7,112082.8329,232.2907403
1225,133.902393,-84.246754,8,138459.8889,232.2907403
1226,133.902393,-84.246754,9,147795.2743,232.2907403
1227,133.902393,-84.246754,10,121240.4987,232.2907403
1228,133.902393,-84.246754,11,125191.1636,232.2907403
1229,133.902393,-84.246754,12,85550.61176,232.2907403
1230,133.902393,-84.246754,13,60949.889,232.2907403
1231,133.902393,-84.246754,14,39658.77732,232.2907403
1232,133.902393,-84.246754,15,56621.50026,232.2907403
1233,134.020971,-84.192694,0,2636.222198,427.3481407
1234,134.020971,-84.192694,1,919.6111094,427.3481407
1235,134.020971,-84.192694,2,5464.166697,427.3481407
1236,134.020971,-84.192694,3,16273.05587,427.3481407
1237,134.020971,-84.192694,4,47928.72168,427.3481407
1238,134.020971,-84.192694,5,98371.05534,427.3481407
1239,134.020971,-84.192694,6,134230.6107,427.3481407
1240,134.020971,-84.192694,7,150571.3346,427.3481407
1241,134.020971,-84.192694,8,187444.3333,427.3481407
1242,134.020971,-84.192694,9,222141.11,427.3481407
1243,134.020971,-84.192694,10,187911.8366,427.3481407
1244,134.020971,-84.192694,11,197191.1146,427.3481407
1245,134.020971,-84.192694,12,170981.224,427.3481407
1246,134.020971,-84.192694,13,114532.9987,427.3481407
1247,134.020971,-84.192694,14,66488.05656,427.3481407
1248,134.020971,-84.192694,15,84823.49951,427.3481407
1249,133.883893,-84.286111,0,1233.888875,328.6435237
1250,133.883893,-84.286111,1,845.1666616,328.6435237
1251,133.883893,-84.286111,2,3064.00001,328.6435237
1252,133.883893,-84.286111,3,7238.555583,328.6435237
1253,133.883893,-84.286111,4,19347.7222,328.6435237
1254,133.883893,-84.286111,5,39836.33382,328.6435237
1255,133.883893,-84.286111,6,66853.22095,328.6435237
1256,133.883893,-84.286111,7,91394.16536,328.6435237
1257,133.883893,-84.286111,8,146798.3372,328.6435237
1258,133.883893,-84.286111,9,205630.4964,328.6435237
1259,133.883893,-84.286111,10,177384.7787,328.6435237
1260,133.883893,-84.286111,11,189329.7206,328.6435237
1261,133.883893,-84.286111,12,156425.1701,328.6435237
1262,133.883893,-84.286111,13,103821.6649,328.6435237
1263,133.883893,-84.286111,14,55892.61045,328.6435237
1264,133.883893,-84.286111,15,60388.22156,328.6435237
1265,134.098308,-84.007631,0,1645.333293,315.1106529
1266,134.098308,-84.007631,1,520.8333384,315.1106529
1267,134.098308,-84.007631,2,3102.666626,315.1106529
1268,134.098308,-84.007631,3,10132.33329,315.1106529
1269,134.098308,-84.007631,4,29747.22266,315.1106529
1270,134.098308,-84.007631,5,69326.8877,315.1106529
1271,134.098308,-84.007631,6,106945.8346,315.1106529
1272,134.098308,-84.007631,7,125997.8867,315.1106529
1273,134.098308,-84.007631,8,152293.0534,315.1106529
1274,134.098308,-84.007631,9,157972.5,315.1106529
1275,134.098308,-84.007631,10,129301.556,315.1106529
1276,134.098308,-84.007631,11,125404.9434,315.1106529
1277,134.098308,-84.007631,12,98588.22266,315.1106529
1278,134.098308,-84.007631,13,65517.05583,315.1106529
1279,134.098308,-84.007631,14,39411.11117,315.1106529
1280,134.098308,-84.007631,15,52572.44535,315.1106529
1281,134.080611,-83.985278,0,1706.666667,350.993515
1282,134.080611,-83.985278,1,1390.555562,350.993515
1283,134.080611,-83.985278,2,6458.555562,350.993515
1284,134.080611,-83.985278,3,19356.05526,350.993515
1285,134.080611,-83.985278,4,55078.27702,350.993515
1286,134.080611,-83.985278,5,110679.3874,350.993515
1287,134.080611,-83.985278,6,160837.6133,350.993515
1288,134.080611,-83.985278,7,178265.9453,350.993515
1289,134.080611,-83.985278,8,195779.0026,350.993515
1290,134.080611,-83.985278,9,177282.7773,350.993515
1291,134.080611,-83.985278,10,129790.3887,350.993515
1292,134.080611,-83.985278,11,118600.9453,350.993515
1293,134.080611,-83.985278,12,82769.44271,350.993515
1294,134.080611,-83.985278,13,48995.94434,350.993515
1295,134.080611,-83.985278,14,29064.55534,350.993515
1296,134.080611,-83.985278,15,32745.94409,350.993515
1297,133.911802,-84.382143,0,3191.277751,432.6717567
1298,133.911802,-84.382143,1,1022.888891,432.6717567
1299,133.911802,-84.382143,2,4312.000061,432.6717567
1300,133.911802,-84.382143,3,11741.33341,432.6717567
1301,133.911802,-84.382143,4,33104.27767,432.6717567
1302,133.911802,-84.382143,5,73273.33301,432.6717567
1303,133.911802,-84.382143,6,127887,432.6717567
1304,133.911802,-84.382143,7,166681.1081,432.6717567
1305,133.911802,-84.382143,8,220938.6654,432.6717567
1306,133.911802,-84.382143,9,261885.8268,432.6717567
1307,133.911802,-84.382143,10,202563.3372,432.6717567
1308,133.911802,-84.382143,11,199047.112,432.6717567
1309,133.911802,-84.382143,12,149549.1126,432.6717567
1310,133.911802,-84.382143,13,93073.83301,432.6717567
1311,133.911802,-84.382143,14,53784.0555,432.6717567
1312,133.911802,-84.382143,15,60530.88965,432.6717567
1313,133.999685,-84.348835,0,1172.5,313.0949135
1314,133.999685,-84.348835,1,794.3333435,313.0949135
1315,133.999685,-84.348835,2,3663.222209,313.0949135
1316,133.999685,-84.348835,3,13134.88906,313.0949135
1317,133.999685,-84.348835,4,39987.99919,313.0949135
1318,133.999685,-84.348835,5,76755.66471,313.0949135
1319,133.999685,-84.348835,6,106372.2227,313.0949135
1320,133.999685,-84.348835,7,115673.946,313.0949135
1321,133.999685,-84.348835,8,139280.5,313.0949135
1322,133.999685,-84.348835,9,149304.888,313.0949135
1323,133.999685,-84.348835,10,112404.166,313.0949135
1324,133.999685,-84.348835,11,112829.002,313.0949135
1325,133.999685,-84.348835,12,93428.05534,313.0949135
1326,133.999685,-84.348835,13,70860.05632,313.0949135
1327,133.999685,-84.348835,14,47511.50049,313.0949135
1328,133.999685,-84.348835,15,61840.27653,313.0949135
1329,133.98861,-84.08028,0,1983.999959,353.7657394
1330,133.98861,-84.08028,1,1807.888855,353.7657394
1331,133.98861,-84.08028,2,11993.22217,353.7657394
1332,133.98861,-84.08028,3,43829.00065,353.7657394
1333,133.98861,-84.08028,4,126445.5573,353.7657394
1334,133.98861,-84.08028,5,243877.224,353.7657394
1335,133.98861,-84.08028,6,343159.3281,353.7657394
1336,133.98861,-84.08028,7,365043.1094,353.7657394
1337,133.98861,-84.08028,8,422007.1198,353.7657394
1338,133.98861,-84.08028,9,399206.3281,353.7657394
1339,133.98861,-84.08028,10,303138.2318,353.7657394
1340,133.98861,-84.08028,11,273506.5495,353.7657394
1341,133.98861,-84.08028,12,191539.5534,353.7657394
1342,133.98861,-84.08028,13,100806.5553,353.7657394
1343,133.98861,-84.08028,14,55214.00033,353.7657394
1344,133.98861,-84.08028,15,51825.33333,353.7657394
1345,133.970692,-84.217969,0,4053.22228,694.2435226
1346,133.970692,-84.217969,1,663.1111056,694.2435226
1347,133.970692,-84.217969,2,2559.444478,694.2435226
1348,133.970692,-84.217969,3,9616.055766,694.2435226
1349,133.970692,-84.217969,4,34770.9445,694.2435226
1350,133.970692,-84.217969,5,98270.83333,694.2435226
1351,133.970692,-84.217969,6,188229.6706,694.2435226
1352,133.970692,-84.217969,7,244262.5052,694.2435226
1353,133.970692,-84.217969,8,322351.3867,694.2435226
1354,133.970692,-84.217969,9,370637.3867,694.2435226
1355,133.970692,-84.217969,10,314757.5534,694.2435226
1356,133.970692,-84.217969,11,292122.7253,694.2435226
1357,133.970692,-84.217969,12,225453.6113,694.2435226
1358,133.970692,-84.217969,13,154252.4971,694.2435226
1359,133.970692,-84.217969,14,94263.83333,694.2435226
1360,133.970692,-84.217969,15,110202.0586,694.2435226
1361,133.9538,-84.0528,0,1188.555562,290.7749977
1362,133.9538,-84.0528,1,490,290.7749977
1363,133.9538,-84.0528,2,3272.277822,290.7749977
1364,133.9538,-84.0528,3,9127.833313,290.7749977
1365,133.9538,-84.0528,4,28634.88932,290.7749977
1366,133.9538,-84.0528,5,73507.33236,290.7749977
1367,133.9538,-84.0528,6,120364.8353,290.7749977
1368,133.9538,-84.0528,7,141584.7786,290.7749977
1369,133.9538,-84.0528,8,168137.056,290.7749977
1370,133.9538,-84.0528,9,157772.1667,290.7749977
1371,133.9538,-84.0528,10,117080.612,290.7749977
1372,133.9538,-84.0528,11,109367.5553,290.7749977
1373,133.9538,-84.0528,12,76203.389,290.7749977
1374,133.9538,-84.0528,13,47996.16683,290.7749977
1375,133.9538,-84.0528,14,25784.66626,290.7749977
1376,133.9538,-84.0528,15,27863.55526,290.7749977
1377,134.0317,-83.9053,0,1310.333333,282.0481434
1378,134.0317,-83.9053,1,778.9444453,282.0481434
1379,134.0317,-83.9053,2,3129.611186,282.0481434
1380,134.0317,-83.9053,3,9104.666809,282.0481434
1381,134.0317,-83.9053,4,26073.11157,282.0481434
1382,134.0317,-83.9053,5,57751.05534,282.0481434
1383,134.0317,-83.9053,6,93992.27995,282.0481434
1384,134.0317,-83.9053,7,117798.1667,282.0481434
1385,134.0317,-83.9053,8,152395.3893,282.0481434
1386,134.0317,-83.9053,9,154575.112,282.0481434
1387,134.0317,-83.9053,10,119670.7767,282.0481434
1388,134.0317,-83.9053,11,109364.7233,282.0481434
1389,134.0317,-83.9053,12,79450.72298,282.0481434
1390,134.0317,-83.9053,13,46528.16781,282.0481434
1391,134.0317,-83.9053,14,26377.05526,282.0481434
1392,134.0317,-83.9053,15,24977.33358,282.0481434
1393,133.961256,-84.112392,0,2764.666677,290.18009
1394,133.961256,-84.112392,1,1067.222204,290.18009
1395,133.961256,-84.112392,2,5799.722249,290.18009
1396,133.961256,-84.112392,3,14996.111,290.18009
1397,133.961256,-84.112392,4,42777.22331,290.18009
1398,133.961256,-84.112392,5,87619.83398,290.18009
1399,133.961256,-84.112392,6,123130.054,290.18009
1400,133.961256,-84.112392,7,127107.278,290.18009
1401,133.961256,-84.112392,8,147376.6107,290.18009
1402,133.961256,-84.112392,9,139621.8353,290.18009
1403,133.961256,-84.112392,10,108773.8887,290.18009
1404,133.961256,-84.112392,11,106167.832,290.18009
1405,133.961256,-84.112392,12,76438.16569,290.18009
1406,133.961256,-84.112392,13,49714.61117,290.18009
1407,133.961256,-84.112392,14,27646.77816,290.18009
1408,133.961256,-84.112392,15,27987.33374,290.18009
1409,133.885753,-84.474869,0,1711.999995,424.9060135
1410,133.885753,-84.474869,1,1082.499997,424.9060135
1411,133.885753,-84.474869,2,6527.055542,424.9060135
1412,133.885753,-84.474869,3,21651.94486,424.9060135
1413,133.885753,-84.474869,4,57811.55615,424.9060135
1414,133.885753,-84.474869,5,111367.998,424.9060135
1415,133.885753,-84.474869,6,150656.6107,424.9060135
1416,133.885753,-84.474869,7,168658.224,424.9060135
1417,133.885753,-84.474869,8,209982.0508,424.9060135
1418,133.885753,-84.474869,9,221332.1146,424.9060135
1419,133.885753,-84.474869,10,167961.6074,424.9060135
1420,133.885753,-84.474869,11,157645.2233,424.9060135
1421,133.885753,-84.474869,12,115262.6126,424.9060135
1422,133.885753,-84.474869,13,70426.16634,424.9060135
1423,133.885753,-84.474869,14,40861.11178,424.9060135
1424,133.885753,-84.474869,15,46151.11135,424.9060135
1425,133.920833,-84.501517,0,1513.666646,293.3999958
1426,133.920833,-84.501517,1,1210.166672,293.3999958
1427,133.920833,-84.501517,2,6590.333313,293.3999958
1428,133.920833,-84.501517,3,20759.27747,293.3999958
1429,133.920833,-84.501517,4,52277.38835,293.3999958
1430,133.920833,-84.501517,5,94691.38802,293.3999958
1431,133.920833,-84.501517,6,130927.168,293.3999958
1432,133.920833,-84.501517,7,148525.888,293.3999958
1433,133.920833,-84.501517,8,156105.8307,293.3999958
1434,133.920833,-84.501517,9,142320,293.3999958
1435,133.920833,-84.501517,10,103272.0007,293.3999958
1436,133.920833,-84.501517,11,96274.9987,293.3999958
1437,133.920833,-84.501517,12,70600.6123,293.3999958
1438,133.920833,-84.501517,13,44804.99967,293.3999958
1439,133.920833,-84.501517,14,26764.611,293.3999958
1440,133.920833,-84.501517,15,24871.55542,293.3999958
1441,133.860419,-84.481861,0,1951.055522,314.2370358
1442,133.860419,-84.481861,1,1399.555562,314.2370358
1443,133.860419,-84.481861,2,7973.777751,314.2370358
1444,133.860419,-84.481861,3,26167.88835,314.2370358
1445,133.860419,-84.481861,4,70025.94548,314.2370358
1446,133.860419,-84.481861,5,124244.7747,314.2370358
1447,133.860419,-84.481861,6,152206.7253,314.2370358
1448,133.860419,-84.481861,7,159375.1706,314.2370358
1449,133.860419,-84.481861,8,174555.8333,314.2370358
1450,133.860419,-84.481861,9,160892.1107,314.2370358
1451,133.860419,-84.481861,10,122582.6104,314.2370358
1452,133.860419,-84.481861,11,119233.2786,314.2370358
1453,133.860419,-84.481861,12,87184.16642,314.2370358
1454,133.860419,-84.481861,13,53911.38847,314.2370358
1455,133.860419,-84.481861,14,32973.49896,314.2370358
1456,133.860419,-84.481861,15,41796.94391,314.2370358
1457,133.898753,-84.466863,0,2644.666718,404.4888897
1458,133.898753,-84.466863,1,1133.499997,404.4888897
1459,133.898753,-84.466863,2,6966.444641,404.4888897
1460,133.898753,-84.466863,3,21774.77799,404.4888897
1461,133.898753,-84.466863,4,70488.66683,404.4888897
1462,133.898753,-84.466863,5,144493.222,404.4888897
1463,133.898753,-84.466863,6,192259.3333,404.4888897
1464,133.898753,-84.466863,7,193499.4492,404.4888897
1465,133.898753,-84.466863,8,199634.2201,404.4888897
1466,133.898753,-84.466863,9,184433.6654,404.4888897
1467,133.898753,-84.466863,10,139405.054,404.4888897
1468,133.898753,-84.466863,11,133060.1094,404.4888897
1469,133.898753,-84.466863,12,104726.2227,404.4888897
1470,133.898753,-84.466863,13,73157.61198,404.4888897
1471,133.898753,-84.466863,14,50386.83301,404.4888897
1472,133.898753,-84.466863,15,81331.33398,404.4888897
1473,133.880416,-84.456866,0,3862.333374,496.7768517
1474,133.880416,-84.456866,1,2655.499969,496.7768517
1475,133.880416,-84.456866,2,14544.27779,496.7768517
1476,133.880416,-84.456866,3,63386.72168,496.7768517
1477,133.880416,-84.456866,4,108564.2796,496.7768517
1478,133.880416,-84.456866,5,189260.4993,496.7768517
1479,133.880416,-84.456866,6,234016.3906,496.7768517
1480,133.880416,-84.456866,7,236711.5573,496.7768517
1481,133.880416,-84.456866,8,250848.8906,496.7768517
1482,133.880416,-84.456866,9,233530.8333,496.7768517
1483,133.880416,-84.456866,10,173633.776,496.7768517
1484,133.880416,-84.456866,11,157729.89,496.7768517
1485,133.880416,-84.456866,12,111412.1133,496.7768517
1486,133.880416,-84.456866,13,62136.94401,496.7768517
1487,133.880416,-84.456866,14,33834.8335,496.7768517
1488,133.880416,-84.456866,15,38280.611,496.7768517
1489,134.041407,-84.226803,0,917.3888677,277.020834
1490,134.041407,-84.226803,1,339.7222265,277.020834
1491,134.041407,-84.226803,2,1333.499964,277.020834
1492,134.041407,-84.226803,3,4576.666667,277.020834
1493,134.041407,-84.226803,4,15674.44417,277.020834
1494,134.041407,-84.226803,5,37996.66707,277.020834
1495,134.041407,-84.226803,6,65348.16683,277.020834
1496,134.041407,-84.226803,7,80648.77637,277.020834
1497,134.041407,-84.226803,8,101372.834,277.020834
1498,134.041407,-84.226803,9,119624.1113,277.020834
1499,134.041407,-84.226803,10,105899.0544,277.020834
1500,134.041407,-84.226803,11,116312.5537,277.020834
1501,134.041407,-84.226803,12,106902.8875,277.020834
1502,134.041407,-84.226803,13,89939.5577,277.020834
1503,134.041407,-84.226803,14,67907.16614,277.020834
1504,134.041407,-84.226803,15,98779.33484,277.020834
1505,134.05833,-84.1299,0,1646.222239,275.6217613
1506,134.05833,-84.1299,1,1355.388885,275.6217613
1507,134.05833,-84.1299,2,8181.222168,275.6217613
1508,134.05833,-84.1299,3,24340.72233,275.6217613
1509,134.05833,-84.1299,4,58182.72249,275.6217613
1510,134.05833,-84.1299,5,104885.7767,275.6217613
1511,134.05833,-84.1299,6,131075.9414,275.6217613
1512,134.05833,-84.1299,7,130043.444,275.6217613
1513,134.05833,-84.1299,8,131707.8906,275.6217613
1514,134.05833,-84.1299,9,119500.7214,275.6217613
1515,134.05833,-84.1299,10,89410.38802,275.6217613
1516,134.05833,-84.1299,11,86019.72135,275.6217613
1517,134.05833,-84.1299,12,65447.27734,275.6217613
1518,134.05833,-84.1299,13,41860.9445,275.6217613
1519,134.05833,-84.1299,14,25998.55566,275.6217613
1520,134.05833,-84.1299,15,35986.22225,275.6217613
1521,133.797003,-84.309905,0,2952.277842,410.9018478
1522,133.797003,-84.309905,1,3678.611053,410.9018478
1523,133.797003,-84.309905,2,13073.05536,410.9018478
1524,133.797003,-84.309905,3,17913.83313,410.9018478
1525,133.797003,-84.309905,4,31479.55538,410.9018478
1526,133.797003,-84.309905,5,60950.55583,410.9018478
1527,133.797003,-84.309905,6,92262.16667,410.9018478
1528,133.797003,-84.309905,7,114181.4993,410.9018478
1529,133.797003,-84.309905,8,149699.4453,410.9018478
1530,133.797003,-84.309905,9,186778.0547,410.9018478
1531,133.797003,-84.309905,10,175970.6094,410.9018478
1532,133.797003,-84.309905,11,182289.5052,410.9018478
1533,133.797003,-84.309905,12,154485.5007,410.9018478
1534,133.797003,-84.309905,13,107270.6104,410.9018478
1535,133.797003,-84.309905,14,62005.27686,410.9018478
1536,133.797003,-84.309905,15,77088.66854,410.9018478
1537,133.80528,-83.72222,0,1006.944438,333.8194427
1538,133.80528,-83.72222,1,554.2222163,333.8194427
1539,133.80528,-83.72222,2,2497.722193,333.8194427
1540,133.80528,-83.72222,3,9522.721954,333.8194427
1541,133.80528,-83.72222,4,29133.16667,333.8194427
1542,133.80528,-83.72222,5,65270.33335,333.8194427
1543,133.80528,-83.72222,6,100684.3876,333.8194427
1544,133.80528,-83.72222,7,111878.2244,333.8194427
1545,133.80528,-83.72222,8,129946.2793,333.8194427
1546,133.80528,-83.72222,9,148329.056,333.8194427
1547,133.80528,-83.72222,10,132130.8926,333.8194427
1548,133.80528,-83.72222,11,134553.6667,333.8194427
1549,133.80528,-83.72222,12,115451.667,333.8194427
1550,133.80528,-83.72222,13,84125.66797,333.8194427
1551,133.80528,-83.72222,14,53876.66618,333.8194427
1552,133.80528,-83.72222,15,76782.99874,333.8194427
1553,134.100402,-84.138501,0,2436.833344,489.9212952
1554,134.100402,-84.138501,1,1406.388885,489.9212952
1555,134.100402,-84.138501,2,7610.833455,489.9212952
1556,134.100402,-84.138501,3,22605.11068,489.9212952
1557,134.100402,-84.138501,4,58190.4432,489.9212952
1558,134.100402,-84.138501,5,115859.3359,489.9212952
1559,134.100402,-84.138501,6,173594.6693,489.9212952
1560,134.100402,-84.138501,7,190486.2786,489.9212952
1561,134.100402,-84.138501,8,208882.3906,489.9212952
1562,134.100402,-84.138501,9,223375.3333,489.9212952
1563,134.100402,-84.138501,10,197452.1641,489.9212952
1564,134.100402,-84.138501,11,193617.502,489.9212952
1565,134.100402,-84.138501,12,162207.7233,489.9212952
1566,134.100402,-84.138501,13,127469.7207,489.9212952
1567,134.100402,-84.138501,14,105951.3896,489.9212952
1568,134.100402,-84.138501,15,192562.6701,489.9212952
1569,134.232,-84.4989,0,938.2222163,335.8833389
1570,134.232,-84.4989,1,546.166673,335.8833389
1571,134.232,-84.4989,2,2960.833282,335.8833389
1572,134.232,-84.4989,3,10136.49995,335.8833389
1573,134.232,-84.4989,4,35450.22209,335.8833389
1574,134.232,-84.4989,5,78322.61084,335.8833389
1575,134.232,-84.4989,6,117076.8908,335.8833389
1576,134.232,-84.4989,7,131917.224,335.8833389
1577,134.232,-84.4989,8,160829.554,335.8833389
1578,134.232,-84.4989,9,177601.7246,335.8833389
1579,134.232,-84.4989,10,153007.4453,335.8833389
1580,134.232,-84.4989,11,149674.3314,335.8833389
1581,134.232,-84.4989,12,114040.4421,335.8833389
1582,134.232,-84.4989,13,74520.22298,335.8833389
1583,134.232,-84.4989,14,44547.83398,335.8833389
1584,134.232,-84.4989,15,39766.4436,335.8833389
